id,numVuelo,paisOrigen,paisDestino ,fechaSalida,horaSalida ,fechaLlegada,horaLlegada,avionRef,vacantes
1,1,France,Philippines,16/8/1998,8:29,13/1/1981,9:22,048-50,30
2,2,Belarus,Egypt,13/11/2000,21:46,28/2/1986,6:45,500-31,04
3,3,China,Indonesia,16/1/2011,5:07,27/1/1971,5:40,956-11,01
4,4,Russia,Indonesia,3/11/1973,1:36,23/8/2014,9:48,623-09,99
5,5,Poland,Palestinian Territory,28/9/1974,8:10,4/1/1975,1:22,167-50,55
6,6,Thailand,Poland,27/9/1974,1:54,5/8/1972,16:07,150-73,80
7,7,Sweden,Indonesia,31/12/1982,14:26,28/6/2005,15:39,276-72,69
8,8,China,Indonesia,31/7/1993,5:19,8/2/1972,5:55,666-12,39
9,9,China,Indonesia,16/3/2007,2:00,24/4/2021,14:05,537-25,90
10,10,Philippines,Japan,31/5/2005,8:08,19/12/1974,13:36,803-94,88
11,11,Mexico,Finland,15/6/2003,22:47,10/5/1980,1:35,426-61,27
12,12,China,Portugal,18/3/1978,11:00,3/9/2001,0:01,195-14,68
13,13,China,Belarus,24/3/1985,14:59,5/5/2010,6:13,231-09,08
14,14,China,Poland,25/5/2016,0:00,13/6/1977,17:47,345-25,31
15,15,Nepal,China,15/12/1973,19:19,31/8/1979,5:50,000-35,08
16,16,Indonesia,China,8/9/1989,20:09,3/1/1984,4:05,587-61,52
17,17,China,China,24/8/1980,23:56,17/1/1978,13:11,945-55,53
18,18,Bulgaria,China,18/11/2003,16:04,19/9/1987,7:26,052-10,47
19,19,Sweden,China,9/1/1973,9:36,5/5/1999,5:50,562-17,56
20,20,Poland,China,24/2/2016,16:59,25/5/1974,9:37,144-09,57
21,21,Japan,Portugal,18/5/1976,0:40,26/7/1976,3:33,342-19,94
22,22,Morocco,Pakistan,15/1/1986,2:08,4/3/1973,1:29,588-35,75
23,23,China,Hungary,30/1/2010,19:35,21/5/2002,6:45,486-01,26
24,24,Isle of Man,Indonesia,20/1/2001,3:15,10/8/2018,15:48,335-99,57
25,25,Colombia,China,11/4/2017,21:22,11/2/1983,0:53,964-75,59
26,26,China,Russia,15/7/2003,8:56,8/5/1994,8:37,247-47,39
27,27,Guinea,China,19/8/2000,2:17,27/3/1997,19:17,606-30,08
28,28,Nigeria,Sweden,27/4/1975,7:42,16/1/1974,10:38,136-80,50
29,29,France,Iran,15/10/1972,4:17,13/8/2010,9:09,850-97,03
30,30,Malaysia,Syria,20/9/2000,2:13,2/7/2007,4:26,952-35,81
31,31,Thailand,Indonesia,23/5/2000,10:27,18/6/1987,15:52,456-46,94
32,32,Namibia,Indonesia,23/7/1983,8:15,11/5/1979,10:57,620-94,52
33,33,France,Macedonia,22/1/1987,2:39,4/5/2000,21:52,885-85,12
34,34,China,Brazil,5/10/2004,3:14,1/11/2004,15:24,996-02,44
35,35,Argentina,United States,12/11/1990,1:27,20/2/2000,1:33,653-24,32
36,36,Yemen,Ireland,11/12/1991,12:38,6/5/2005,7:26,430-37,85
37,37,Jamaica,China,2/11/2006,23:51,16/10/2018,14:58,497-52,92
38,38,Thailand,Portugal,21/2/1978,21:07,20/4/1997,11:38,386-46,36
39,39,Czech Republic,Sweden,23/4/1990,2:45,29/3/1976,5:22,552-37,50
40,40,Indonesia,China,9/8/2000,10:34,24/4/2002,14:58,836-44,40
41,41,Russia,Philippines,8/3/1984,9:20,14/6/2016,11:07,957-03,25
42,42,Russia,Indonesia,23/2/2021,2:31,30/6/1981,14:15,142-80,25
43,43,Russia,Indonesia,29/12/2006,1:38,22/7/2010,14:01,584-95,50
44,44,China,United States,1/4/2011,4:06,27/4/1983,23:54,200-69,98
45,45,Egypt,China,12/2/1994,20:24,10/12/2017,6:28,386-89,20
46,46,Indonesia,Mexico,17/6/1982,3:09,22/12/1977,9:43,976-60,72
47,47,Angola,Brazil,2/7/1978,3:00,3/12/2013,2:54,346-38,96
48,48,China,United States,24/9/1971,23:37,3/2/2009,5:51,265-54,21
49,49,Georgia,Sweden,13/4/2002,22:16,6/10/1993,15:28,669-55,56
50,50,Thailand,Russia,15/5/2020,2:46,16/1/1999,15:49,542-01,54
51,51,China,Guatemala,16/4/1997,17:52,24/10/1976,16:36,668-86,26
52,52,Indonesia,Indonesia,12/3/2002,7:25,20/4/2001,17:26,126-59,39
53,53,France,Russia,8/10/2007,15:48,4/5/1994,17:53,417-34,98
54,54,Portugal,China,19/7/1989,4:54,19/5/1980,4:03,940-44,15
55,55,China,Ethiopia,18/3/1981,4:29,10/7/2012,9:46,285-20,59
56,56,Indonesia,Canada,24/2/2021,3:55,28/6/2005,9:37,826-18,90
57,57,Czech Republic,Argentina,8/1/2008,11:28,10/6/1997,21:15,319-26,08
58,58,Thailand,Canada,3/2/2014,20:51,11/10/1976,21:37,205-14,34
59,59,China,Afghanistan,24/1/1984,17:51,30/8/1987,22:17,623-21,84
60,60,China,Indonesia,10/6/1994,3:04,28/11/2015,17:48,844-96,54
61,61,Libya,Nigeria,14/1/2015,17:29,3/2/1983,1:20,066-31,04
62,62,Chile,Sweden,26/1/1997,12:11,19/3/2007,3:42,997-88,51
63,63,Bosnia and Herzegovina,China,25/6/1977,12:10,3/10/2003,3:23,735-94,42
64,64,China,Japan,20/1/2017,4:48,19/1/1975,20:20,073-67,56
65,65,Sweden,Poland,19/1/2013,3:57,22/4/2016,19:01,891-60,40
66,66,Philippines,Russia,11/12/1979,9:20,19/4/1998,18:44,008-14,45
67,67,Brazil,Mexico,16/6/1992,14:45,10/8/2012,4:14,008-39,35
68,68,Russia,France,16/6/1982,18:46,29/8/1980,19:27,233-87,36
69,69,Japan,Netherlands,10/12/1970,4:09,18/11/2005,18:41,734-70,59
70,70,China,Argentina,2/4/2008,9:04,12/7/1998,20:53,712-78,60
71,71,Ukraine,Mexico,8/12/1977,5:03,20/3/1990,2:03,647-81,99
72,72,France,Indonesia,4/6/2009,7:43,30/12/2001,23:42,660-27,00
73,73,Ukraine,Czech Republic,20/4/2015,20:31,15/3/1976,0:50,754-91,48
74,74,Philippines,Colombia,20/9/1976,11:48,26/5/1982,12:32,604-48,55
75,75,Russia,East Timor,27/1/2015,12:59,13/5/1984,15:57,267-19,76
76,76,France,Indonesia,7/11/2013,12:41,9/9/2009,1:40,925-77,20
77,77,Colombia,Indonesia,10/4/1979,13:03,20/12/1994,15:39,592-77,63
78,78,Japan,Argentina,30/10/1990,1:41,10/12/2017,23:40,112-42,62
79,79,France,Russia,16/6/2021,19:49,7/10/1981,9:35,204-29,58
80,80,Indonesia,Sweden,6/2/2019,0:28,30/1/1976,3:49,476-81,31
81,81,Bangladesh,Philippines,18/5/1997,8:30,25/2/1985,4:20,796-09,52
82,82,France,Indonesia,20/3/1995,2:39,25/7/2006,12:43,312-73,94
83,83,Russia,Greece,12/4/1999,8:33,7/7/1974,14:42,390-19,21
84,84,China,Philippines,28/2/1977,7:53,29/8/2009,21:59,393-59,27
85,85,Nigeria,Ukraine,21/6/1983,8:54,13/12/2019,20:32,954-49,97
86,86,Indonesia,Vietnam,9/8/1984,17:51,9/7/2002,6:54,353-00,87
87,87,Philippines,Canada,19/4/1996,20:45,4/10/2012,4:12,979-38,75
88,88,Philippines,Indonesia,26/7/1980,23:14,25/2/2011,22:34,354-48,94
89,89,Mexico,Saudi Arabia,3/9/1987,11:01,14/6/1997,23:33,551-51,66
90,90,Venezuela,Kazakhstan,21/9/1998,2:45,7/4/1973,19:09,782-08,07
91,91,Jordan,Vietnam,24/8/2009,12:16,14/6/1984,1:47,197-55,51
92,92,Poland,South Africa,6/9/1973,20:02,20/12/1992,11:03,895-40,20
93,93,Russia,Japan,29/10/1992,2:46,22/4/1988,4:42,525-05,37
94,94,China,Sweden,6/2/2018,23:23,25/1/2008,4:39,244-10,77
95,95,Indonesia,Philippines,9/4/1987,11:33,5/8/1989,11:26,505-52,87
96,96,Canada,Egypt,7/11/2014,20:05,1/8/1995,18:21,446-23,70
97,97,Moldova,China,24/8/2019,5:57,18/10/1978,16:56,046-40,53
98,98,Portugal,Philippines,12/11/2013,19:04,22/1/1988,7:36,025-70,29
99,99,Norway,Poland,4/6/2014,17:59,8/9/1990,21:59,040-38,87
100,100,China,Mexico,5/6/2003,19:06,22/11/1972,21:52,018-40,67
101,101,Indonesia,Indonesia,19/8/1979,12:02,23/10/1989,9:51,232-05,00
102,102,Croatia,Portugal,10/12/1979,1:49,25/3/1973,15:18,823-45,20
103,103,China,China,22/2/1986,12:19,23/3/1986,11:53,659-32,84
104,104,New Zealand,Canada,24/7/1977,5:02,19/12/1991,15:57,798-64,86
105,105,Indonesia,Indonesia,18/4/1999,13:14,10/4/2005,19:08,771-57,05
106,106,Poland,China,4/5/2008,11:46,28/6/2016,23:34,150-35,82
107,107,China,Greece,23/4/1981,6:18,28/5/1993,6:07,761-38,68
108,108,Portugal,Japan,18/1/2000,0:28,16/10/1981,5:45,659-45,74
109,109,China,Portugal,22/5/2012,13:35,27/3/1984,1:20,166-01,03
110,110,Kyrgyzstan,Poland,21/8/1986,17:12,9/11/1993,3:07,644-93,91
111,111,Russia,Slovenia,3/3/1994,15:59,23/8/2008,2:55,655-76,54
112,112,Ireland,Turkey,28/7/1972,14:25,3/8/1980,9:04,061-92,14
113,113,Portugal,Portugal,8/6/2001,3:38,22/9/2003,0:39,124-45,12
114,114,Colombia,Philippines,3/6/1974,18:53,16/9/1976,12:06,792-82,35
115,115,Indonesia,Colombia,18/4/1989,18:29,7/1/1983,5:45,495-03,12
116,116,Tanzania,China,25/9/1984,18:35,1/9/2008,0:41,827-49,37
117,117,Jamaica,Colombia,8/8/2015,10:42,5/5/1974,14:20,179-11,26
118,118,Indonesia,Iceland,15/6/2016,13:34,20/7/1973,1:02,640-39,49
119,119,Japan,Portugal,20/2/2017,7:24,21/3/2013,2:41,616-86,07
120,120,Poland,Ethiopia,13/12/1986,1:04,16/2/2019,8:13,227-15,66
121,121,Indonesia,Brazil,30/9/1972,2:24,21/6/1980,1:06,047-67,13
122,122,Indonesia,Brazil,14/9/1988,18:48,8/8/2012,2:23,968-32,42
123,123,Russia,Colombia,4/7/1972,4:52,15/1/2006,8:06,983-18,56
124,124,Ukraine,Afghanistan,6/6/1999,3:53,17/10/1993,15:10,598-00,96
125,125,Russia,Indonesia,27/8/1998,7:19,10/12/2005,13:50,836-94,93
126,126,China,China,4/3/2010,18:46,27/5/1986,19:30,366-32,42
127,127,Croatia,Russia,11/4/1989,17:25,8/12/2000,18:08,535-75,40
128,128,Indonesia,Armenia,1/6/1991,7:49,14/3/1975,12:37,021-04,24
129,129,Indonesia,Pakistan,21/12/2003,17:24,20/9/2002,8:09,625-07,62
130,130,Panama,Poland,27/5/1977,21:26,15/6/1998,13:57,484-65,15
131,131,Finland,Sweden,10/2/2011,9:06,30/9/1993,1:05,315-66,46
132,132,Tanzania,Botswana,26/5/1993,13:08,24/1/2000,16:50,692-70,67
133,133,Yemen,Thailand,24/1/2006,7:35,6/5/1997,10:02,475-06,56
134,134,Russia,Russia,1/9/1992,6:52,2/10/1976,16:21,359-69,83
135,135,Indonesia,China,12/3/1986,8:13,5/1/1979,13:06,397-04,58
136,136,Brazil,Bosnia and Herzegovina,7/11/2015,0:08,26/5/1988,8:03,594-52,19
137,137,Portugal,Philippines,29/6/1979,17:20,7/9/1989,12:56,802-78,36
138,138,Ukraine,Russia,19/5/1997,19:56,17/12/2007,1:02,135-99,85
139,139,Brazil,Gambia,28/10/2009,14:31,16/10/2002,11:48,271-96,44
140,140,China,Azerbaijan,3/2/1979,2:53,13/7/2013,17:21,670-02,32
141,141,Indonesia,Indonesia,4/11/1987,10:05,29/6/2002,19:06,864-82,45
142,142,Poland,China,30/7/2016,0:01,20/1/1991,21:15,925-76,04
143,143,China,Poland,15/1/2019,20:56,20/2/2000,7:48,914-77,29
144,144,Philippines,Mexico,30/12/1976,10:00,22/12/1978,1:52,021-49,48
145,145,China,Philippines,29/10/1986,7:57,4/11/1985,23:00,975-14,44
146,146,Norway,Peru,30/1/1996,21:33,2/11/2008,10:11,624-09,64
147,147,Indonesia,Thailand,19/4/1977,8:33,10/3/2007,19:31,932-60,56
148,148,Netherlands,United States,31/7/1998,12:02,27/7/1983,19:19,492-30,09
149,149,Greece,Indonesia,25/7/2014,4:02,23/4/1991,20:53,981-15,93
150,150,New Caledonia,Guadeloupe,1/6/2003,4:19,31/8/1982,5:48,318-41,85
151,151,Bolivia,Tajikistan,18/5/1998,11:37,17/9/1999,20:05,234-11,30
152,152,Mongolia,Brazil,18/2/2020,6:31,13/8/1989,13:01,745-80,61
153,153,Ukraine,Indonesia,30/10/2007,15:42,18/6/1983,18:17,991-08,87
154,154,Indonesia,Honduras,7/9/1995,15:46,6/12/2000,11:12,992-68,26
155,155,China,Indonesia,8/3/1996,23:43,30/5/2009,3:22,365-61,74
156,156,Indonesia,Syria,27/10/1987,15:41,2/11/1994,18:20,558-40,69
157,157,Ethiopia,Philippines,5/8/1982,5:25,17/3/1976,7:17,433-36,06
158,158,Brazil,Brazil,5/6/2015,17:42,27/2/1971,7:59,241-20,77
159,159,Kyrgyzstan,Canada,25/2/1996,12:28,16/7/2009,12:51,507-31,71
160,160,Sri Lanka,Brazil,5/9/1997,22:46,29/1/2006,15:12,272-15,88
161,161,China,Indonesia,25/6/1981,4:21,7/10/1992,16:57,817-45,84
162,162,China,Cuba,6/6/2017,1:55,13/3/1992,0:41,127-94,86
163,163,Slovenia,Colombia,19/7/2004,7:27,21/5/2001,19:04,382-74,31
164,164,China,Indonesia,1/5/1986,10:38,3/4/1995,9:07,488-24,78
165,165,China,Nigeria,1/8/1988,10:23,20/2/2012,13:43,499-74,49
166,166,Sweden,United States,24/7/2006,22:04,12/5/1987,16:50,197-07,77
167,167,Philippines,Nigeria,29/9/2007,7:51,26/1/2016,6:37,667-41,07
168,168,Philippines,Philippines,10/1/1983,16:45,18/10/1981,3:54,628-82,40
169,169,China,Palestinian Territory,7/10/2020,23:10,29/3/2014,17:40,065-22,21
170,170,United States,Philippines,5/11/1997,2:24,4/11/2014,12:17,866-90,52
171,171,Mauritania,Kosovo,20/1/2015,16:03,31/10/1981,12:43,345-97,38
172,172,Czech Republic,China,18/7/1977,11:31,16/7/2006,7:11,419-04,27
173,173,China,France,29/6/2000,10:09,4/8/1974,20:17,993-79,18
174,174,United States,Russia,31/12/2013,22:08,28/6/2006,8:23,558-11,51
175,175,Indonesia,Sweden,23/11/1997,1:16,3/7/2014,0:52,147-14,30
176,176,Japan,Indonesia,10/12/2002,3:31,27/5/1978,8:17,607-45,95
177,177,Brazil,Thailand,19/5/1972,1:18,2/8/2012,8:26,750-98,35
178,178,Indonesia,China,20/8/2021,16:33,20/12/1983,20:02,872-21,74
179,179,Indonesia,Slovenia,20/11/2013,11:03,15/12/1975,3:31,718-29,88
180,180,Czech Republic,Brazil,24/3/1990,13:54,20/5/1992,13:34,755-52,41
181,181,Finland,United States,30/4/2012,3:48,10/7/1971,0:27,699-68,22
182,182,Honduras,Sweden,18/10/1982,19:10,28/2/1978,21:38,208-81,41
183,183,Indonesia,Russia,22/10/2001,10:29,20/5/2000,15:01,851-41,32
184,184,Indonesia,Mexico,1/9/2002,14:58,23/2/1993,10:59,311-77,17
185,185,China,Indonesia,15/7/2017,17:55,28/1/2018,22:21,912-93,10
186,186,Brazil,France,27/10/1984,3:48,4/11/1970,12:51,540-34,40
187,187,Indonesia,Philippines,13/7/1977,21:25,7/10/2018,11:22,684-41,29
188,188,Maldives,Indonesia,15/11/1990,11:18,27/11/2000,6:32,596-82,42
189,189,Ukraine,United States,21/4/1976,13:10,17/6/1977,4:29,050-79,38
190,190,Russia,Brazil,7/12/1985,7:21,27/11/1983,2:18,484-92,03
191,191,Indonesia,Indonesia,8/11/1977,10:24,16/2/2009,12:13,692-21,93
192,192,Russia,France,13/5/2015,15:08,14/7/2020,18:44,138-44,15
193,193,Mexico,Cameroon,26/2/2005,4:14,3/11/1971,19:56,684-78,20
194,194,Niger,China,22/8/2012,18:51,29/7/1987,3:31,568-54,12
195,195,Kenya,China,20/1/1992,16:36,19/8/1971,7:06,242-60,13
196,196,Morocco,Poland,31/5/1996,22:53,2/1/1981,6:24,060-59,80
197,197,China,Pakistan,23/3/1974,11:33,2/3/2003,22:44,012-88,12
198,198,China,Sweden,2/5/2016,22:55,10/2/1981,1:23,257-65,36
199,199,China,Indonesia,2/8/1978,4:37,5/10/1998,0:13,708-81,75
200,200,China,Mongolia,26/12/2006,18:20,18/9/1999,2:27,389-69,50
201,201,Indonesia,Indonesia,21/2/1971,6:45,11/3/1992,15:34,292-27,08
202,202,Poland,Kosovo,17/9/2019,4:14,30/7/1971,18:38,657-26,78
203,203,China,Iran,4/10/1972,15:26,20/7/1974,12:26,680-58,90
204,204,Colombia,China,28/3/2004,13:09,15/1/2010,14:31,775-96,38
205,205,China,Russia,2/6/2013,20:38,4/1/1997,1:34,169-71,34
206,206,Indonesia,Portugal,6/4/2003,22:52,14/1/2009,20:40,618-29,00
207,207,Peru,Ukraine,14/12/2003,21:39,15/6/2020,6:33,154-86,15
208,208,China,Yemen,1/10/2007,15:42,5/7/1980,21:02,006-58,38
209,209,China,China,24/4/1978,11:07,5/12/2006,6:45,823-72,32
210,210,Russia,Peru,20/12/1984,21:38,16/2/1974,22:16,385-89,95
211,211,Ukraine,South Korea,22/11/2000,2:36,18/4/2016,9:09,864-62,35
212,212,Mexico,Philippines,1/11/2001,3:27,22/12/2008,11:51,459-27,76
213,213,Senegal,France,1/2/2018,20:06,14/4/2021,10:10,418-54,25
214,214,Russia,Czech Republic,27/12/1988,20:25,8/3/2010,18:14,094-23,55
215,215,China,United States,3/6/1993,23:48,27/5/2020,23:36,635-87,13
216,216,Poland,Portugal,16/3/2011,13:45,22/9/2014,13:07,696-71,14
217,217,Czech Republic,China,8/11/1970,4:03,23/5/1980,7:57,084-14,81
218,218,United States,Portugal,11/7/1974,23:54,25/5/1987,17:16,207-12,89
219,219,Sweden,France,6/3/1996,2:09,27/3/1979,2:28,825-76,88
220,220,Malaysia,Czech Republic,15/10/2015,18:29,10/6/2004,1:01,903-91,46
221,221,Russia,Mongolia,20/4/1976,12:48,13/3/1996,1:36,377-81,30
222,222,Argentina,El Salvador,13/12/2008,5:16,28/10/2007,8:44,110-79,83
223,223,Indonesia,Ukraine,12/3/1999,20:52,30/5/2002,20:34,583-33,62
224,224,Philippines,Indonesia,8/3/1990,8:49,29/3/1983,5:15,025-03,77
225,225,Philippines,Ethiopia,27/11/1979,12:18,29/9/2020,20:22,042-99,03
226,226,Czech Republic,China,30/3/2014,21:43,21/5/1996,12:09,352-41,32
227,227,Canada,Indonesia,28/11/2004,12:41,14/6/1971,22:14,471-91,89
228,228,Brazil,Croatia,5/9/1975,16:56,19/2/1984,4:42,067-14,01
229,229,Thailand,Brazil,18/9/1999,17:42,14/3/2010,3:07,978-31,24
230,230,Guyana,China,14/2/1981,3:26,24/7/1990,13:32,687-78,07
231,231,Saudi Arabia,Jordan,18/8/1987,0:19,13/7/1981,13:18,938-88,25
232,232,France,China,10/8/1978,1:50,25/12/2008,7:07,820-15,63
233,233,Brazil,Portugal,16/10/1987,11:08,24/2/1986,22:41,986-53,62
234,234,China,Philippines,18/5/1985,23:04,28/5/1980,12:59,231-48,55
235,235,Russia,China,20/3/2011,11:30,18/9/2020,8:38,802-84,73
236,236,Serbia,Poland,1/11/2015,14:11,23/1/2008,5:07,388-97,25
237,237,Russia,Russia,31/8/1986,8:50,11/10/1976,3:35,694-95,64
238,238,Thailand,Benin,11/12/1989,8:16,28/1/2016,16:57,102-09,16
239,239,Indonesia,Bulgaria,18/1/1989,12:36,11/2/1973,11:24,209-63,38
240,240,Poland,Indonesia,5/1/1980,12:26,12/6/2003,1:32,362-94,34
241,241,Brazil,Venezuela,20/6/1976,18:53,19/4/1983,18:20,264-21,21
242,242,China,Croatia,16/2/1980,4:06,29/7/2004,0:25,066-69,78
243,243,Honduras,Russia,11/11/2003,20:04,7/5/2013,12:45,007-88,16
244,244,Brazil,China,4/4/1998,16:20,19/12/1995,4:15,741-59,09
245,245,New Zealand,China,9/9/1972,0:19,26/3/1994,8:52,991-58,66
246,246,Ukraine,Indonesia,19/5/2013,15:27,6/10/1983,8:02,221-19,48
247,247,China,China,5/1/2021,21:19,7/12/1977,15:03,178-50,95
248,248,Indonesia,Philippines,24/2/2012,12:24,19/8/1980,13:12,623-04,71
249,249,Malaysia,China,8/7/2013,7:23,17/2/1981,18:16,545-67,87
250,250,China,Venezuela,4/9/2001,23:41,29/6/2008,13:27,356-92,91
251,251,Philippines,Portugal,3/4/1997,19:13,31/8/1996,13:57,804-74,39
252,252,Armenia,Peru,4/2/2004,9:57,14/2/1997,23:12,403-60,21
253,253,Russia,China,11/9/1999,3:18,3/7/1989,4:08,828-91,70
254,254,Sweden,China,8/7/2008,9:00,5/2/1994,21:11,774-21,50
255,255,Philippines,Malawi,23/7/1996,5:34,23/10/1978,11:17,495-17,51
256,256,China,Poland,16/2/1994,10:07,10/2/2000,22:02,614-65,03
257,257,China,Angola,21/5/1971,18:08,8/3/1985,11:32,244-67,61
258,258,Ukraine,Greece,21/10/2020,21:22,12/9/2017,17:44,866-07,58
259,259,Indonesia,Uruguay,22/6/1996,23:47,18/2/1982,18:52,027-48,24
260,260,Sweden,Japan,8/2/2019,11:40,26/6/1971,2:41,806-02,17
261,261,Mexico,China,30/3/1972,10:38,11/12/1997,23:19,321-38,17
262,262,Brazil,Poland,8/5/1977,16:40,4/1/2016,6:54,475-84,73
263,263,Brazil,Indonesia,7/6/2011,23:34,13/8/1980,7:08,900-11,99
264,264,China,Canada,14/3/2012,0:36,29/9/1995,23:12,565-29,50
265,265,Burkina Faso,Indonesia,11/11/2004,4:55,11/12/2007,6:55,977-02,88
266,266,Philippines,Malaysia,27/2/2020,1:55,31/1/2018,15:05,922-94,84
267,267,Botswana,Argentina,18/9/1986,0:25,29/5/1998,3:29,295-36,35
268,268,France,Peru,16/5/1983,21:40,10/12/1985,4:08,265-52,16
269,269,Bosnia and Herzegovina,Sweden,11/12/1973,3:25,13/5/1984,14:49,675-13,78
270,270,Czech Republic,Portugal,22/3/1974,18:16,21/10/1972,0:01,170-26,62
271,271,Indonesia,China,7/10/1979,9:23,21/1/1979,17:44,752-65,71
272,272,China,China,7/4/2009,11:22,27/4/2017,4:53,139-21,24
273,273,Bangladesh,Portugal,17/11/1983,4:19,11/11/1976,17:10,363-87,82
274,274,Indonesia,China,3/6/2005,5:25,14/6/2021,13:01,370-69,24
275,275,China,Indonesia,16/1/1995,6:31,15/4/2000,8:23,222-03,76
276,276,Egypt,Greece,1/12/1997,13:16,18/10/2002,8:24,948-30,31
277,277,China,Jordan,5/7/2001,20:31,24/9/2013,4:39,357-98,22
278,278,Belarus,Russia,3/3/1997,7:41,9/5/1993,18:12,011-21,01
279,279,Japan,China,2/10/2017,7:43,17/9/2000,5:30,489-84,61
280,280,Indonesia,Afghanistan,28/1/1977,18:29,12/7/2021,6:36,498-26,84
281,281,Albania,South Africa,10/9/1979,4:20,29/11/1984,13:18,745-14,81
282,282,Slovenia,Venezuela,27/4/2021,5:56,20/5/1989,7:48,025-31,58
283,283,China,Saudi Arabia,9/1/1988,4:20,9/12/1990,9:26,895-79,10
284,284,Vietnam,American Samoa,11/8/2000,16:09,31/10/2017,22:09,319-20,23
285,285,Indonesia,Colombia,30/3/1989,9:31,26/12/2001,19:17,825-49,67
286,286,Honduras,Poland,24/12/1989,18:25,31/1/2010,0:38,114-86,55
287,287,Russia,Malaysia,17/5/1974,17:55,30/10/2009,0:08,735-89,31
288,288,Japan,France,13/11/2009,9:07,17/2/1980,0:53,421-65,78
289,289,Palestinian Territory,Iran,18/12/2013,17:46,15/11/1984,14:17,655-75,28
290,290,Serbia,Bulgaria,19/5/1987,19:10,10/12/1998,18:04,713-46,82
291,291,Brazil,Russia,29/11/2009,6:44,11/7/1996,5:41,747-68,51
292,292,China,Philippines,2/10/2014,20:23,6/5/1997,3:16,302-84,87
293,293,China,China,1/8/1975,12:52,19/6/2015,9:32,803-11,22
294,294,France,Portugal,14/2/2018,10:41,25/9/1987,0:12,976-31,31
295,295,Brazil,Yemen,15/7/1995,15:32,11/10/1998,0:59,579-25,29
296,296,Belarus,Philippines,29/7/2003,9:38,3/6/2001,8:09,820-47,32
297,297,Bulgaria,China,29/6/2013,5:27,4/8/1984,6:15,231-65,21
298,298,Netherlands,Poland,26/1/1983,7:16,21/7/2021,23:40,738-06,91
299,299,Brazil,China,21/10/1998,11:47,4/5/1973,17:59,798-78,61
300,300,China,Bangladesh,10/6/1994,1:48,24/3/1981,3:30,644-76,72
301,301,Brazil,Brazil,18/12/1978,18:52,2/2/1997,3:57,712-49,21
302,302,Mexico,United States,5/1/2019,1:30,4/10/1986,12:56,444-31,44
303,303,Greece,Georgia,1/4/1985,13:00,7/10/2011,6:21,935-49,69
304,304,Kazakhstan,Honduras,6/11/1971,10:04,1/3/1990,22:50,047-01,45
305,305,Chile,China,26/5/2014,20:26,12/5/2001,14:47,974-41,45
306,306,Russia,Czech Republic,28/4/1977,11:56,3/12/1991,5:18,714-88,26
307,307,Malawi,Indonesia,9/8/2013,16:16,11/7/1972,16:08,410-60,27
308,308,Thailand,China,17/3/2013,4:30,9/9/1993,17:38,362-82,10
309,309,Russia,Argentina,19/10/1984,9:47,30/12/1994,10:53,279-39,68
310,310,Portugal,Philippines,25/6/1989,0:16,22/3/2020,10:06,730-65,74
311,311,China,Russia,1/5/2011,20:06,28/12/1989,12:59,990-43,59
312,312,Sweden,Russia,6/10/2008,12:40,25/6/2000,13:21,032-86,81
313,313,Portugal,Canada,6/6/2017,20:21,16/7/1992,10:46,314-07,05
314,314,Philippines,Bangladesh,24/7/1978,19:30,27/7/2011,14:51,319-72,79
315,315,Poland,China,23/8/1987,3:21,24/6/2000,14:10,695-16,89
316,316,China,Indonesia,4/1/1983,4:05,4/4/2013,4:48,424-39,83
317,317,Brazil,Japan,31/7/1988,14:49,22/5/1994,3:13,519-01,11
318,318,Pakistan,France,26/9/2018,13:27,10/11/1981,3:26,476-35,08
319,319,China,Sweden,1/7/2020,14:45,7/11/2009,8:29,928-76,48
320,320,Ireland,Indonesia,7/9/1996,16:55,16/5/1990,4:30,730-50,56
321,321,Poland,Brazil,12/3/1980,3:41,28/4/1997,5:06,645-07,39
322,322,China,Philippines,12/11/2015,20:58,26/8/2004,10:51,640-81,58
323,323,Russia,China,18/1/2001,19:15,31/10/2017,21:03,572-01,62
324,324,Nigeria,China,1/7/1974,23:45,26/8/1981,14:03,648-14,35
325,325,Russia,Philippines,8/12/1987,4:54,7/3/1991,19:46,974-83,85
326,326,China,Indonesia,17/2/2012,8:37,21/4/2016,6:28,455-76,99
327,327,Philippines,China,27/5/2013,20:40,4/12/2003,9:29,976-25,24
328,328,Philippines,Chile,29/5/1992,3:49,28/9/1972,20:15,871-35,92
329,329,Thailand,France,26/1/1991,1:09,20/7/1992,6:58,770-87,17
330,330,Japan,Brazil,17/1/2005,14:40,30/3/1985,17:25,088-45,13
331,331,Gambia,Croatia,2/2/2000,16:16,22/8/1980,19:27,650-02,37
332,332,Indonesia,Sweden,11/10/1996,8:10,12/7/1985,10:43,972-40,59
333,333,Sweden,Portugal,28/4/2015,9:59,5/12/1978,13:41,298-12,95
334,334,Indonesia,Hungary,19/5/1984,11:55,2/4/2009,21:12,111-99,52
335,335,Russia,Somalia,22/10/1983,19:22,4/1/1994,9:29,356-54,61
336,336,Pakistan,Portugal,11/6/2001,23:37,11/4/2007,16:11,113-23,51
337,337,Ivory Coast,China,16/1/1992,2:17,21/11/1991,10:07,353-96,62
338,338,France,Poland,5/1/1987,5:53,22/9/2020,20:28,327-77,28
339,339,Panama,China,3/12/1997,10:51,21/5/2021,13:08,440-34,05
340,340,Argentina,China,28/5/1987,1:16,16/10/2002,7:17,843-69,60
341,341,Thailand,China,13/9/2014,13:40,14/10/2008,12:38,696-68,08
342,342,China,Russia,4/2/1979,11:00,29/12/1979,14:04,050-73,95
343,343,Palestinian Territory,China,30/9/1982,17:37,8/6/2001,19:41,882-35,64
344,344,Russia,China,9/12/2018,19:07,19/10/1991,10:17,039-53,26
345,345,Philippines,Japan,3/2/1972,16:16,1/12/2014,5:22,737-25,20
346,346,Ukraine,Russia,2/9/1994,1:24,11/1/1976,7:07,743-76,95
347,347,Nigeria,Canada,5/12/1977,17:51,1/1/1993,11:50,471-11,31
348,348,Peru,Slovenia,27/12/2009,5:42,8/5/1982,13:55,531-93,09
349,349,Colombia,Philippines,17/6/1977,18:22,26/3/2003,8:04,013-85,45
350,350,China,Czech Republic,3/3/2015,8:28,16/9/1985,22:16,792-34,13
351,351,Sweden,Palestinian Territory,5/1/1974,20:21,19/9/1985,6:29,994-20,49
352,352,Ukraine,China,29/10/2010,1:32,24/6/2002,17:27,893-76,33
353,353,Russia,Indonesia,6/7/1972,2:58,16/10/1971,13:56,091-58,51
354,354,China,Russia,29/5/1978,8:52,24/4/1977,1:28,657-46,69
355,355,Canada,Serbia,27/3/1973,23:48,26/2/2009,0:38,523-76,04
356,356,Canada,China,1/4/1983,19:51,10/1/2012,5:15,020-78,74
357,357,Russia,Poland,29/9/1999,15:32,13/3/2003,13:04,254-30,27
358,358,Ukraine,Paraguay,3/5/1985,13:35,11/7/1980,1:12,646-05,53
359,359,Poland,Russia,3/1/1976,19:28,17/11/2012,14:51,690-30,32
360,360,China,Canada,5/5/1994,17:16,5/1/1993,6:32,278-30,40
361,361,France,China,23/8/2010,21:17,12/11/1977,12:51,111-54,51
362,362,Czech Republic,Malta,15/6/1994,10:15,14/4/2006,20:44,070-35,29
363,363,China,Dominica,13/2/1996,22:56,19/7/2004,16:47,170-48,35
364,364,Philippines,China,25/3/1994,7:31,28/5/1995,11:11,565-37,63
365,365,France,Colombia,19/3/2015,8:11,21/9/2002,9:34,113-65,67
366,366,China,Indonesia,22/8/2000,2:04,8/1/1991,3:59,978-72,40
367,367,China,Indonesia,9/8/1987,19:29,24/10/1989,16:09,959-58,73
368,368,Guadeloupe,Belarus,23/1/1986,15:53,7/10/1984,13:19,000-74,66
369,369,Nigeria,Sweden,1/1/1997,11:27,9/2/1993,21:22,399-38,99
370,370,Panama,Philippines,3/7/1987,7:54,19/12/1993,10:42,440-64,08
371,371,China,Vietnam,6/3/1980,1:47,23/2/1999,20:09,909-58,74
372,372,Vietnam,Czech Republic,17/3/1992,20:00,11/4/1982,17:48,278-31,83
373,373,China,Kenya,9/3/1976,23:54,9/7/2019,10:40,773-94,55
374,374,Ukraine,Armenia,23/2/2005,18:07,1/7/1975,0:35,976-31,76
375,375,France,South Africa,11/7/1992,23:19,8/11/1978,14:21,510-09,91
376,376,China,Honduras,9/6/1971,15:38,5/12/1977,4:24,510-35,03
377,377,Indonesia,Indonesia,28/6/1989,9:49,8/1/1990,21:37,329-24,22
378,378,China,Peru,2/8/1985,10:33,1/12/1996,21:03,462-35,26
379,379,Russia,China,30/11/2001,3:45,7/1/2000,8:01,644-07,23
380,380,Ukraine,Russia,13/3/1992,18:34,25/11/1979,23:28,701-69,86
381,381,Indonesia,Indonesia,3/8/2014,13:57,14/3/1985,14:42,720-13,71
382,382,Egypt,Czech Republic,12/8/1981,8:24,21/7/2008,0:59,328-47,27
383,383,Portugal,Japan,22/3/1975,8:30,7/11/1997,17:36,544-39,26
384,384,Russia,Serbia,17/7/1978,7:04,30/1/1986,5:50,241-76,91
385,385,Czech Republic,China,12/1/1981,23:05,28/10/1993,16:17,348-08,38
386,386,China,Russia,31/10/1980,21:20,12/4/1995,2:18,488-45,62
387,387,China,Mozambique,5/3/1995,0:00,12/5/1995,2:14,117-79,44
388,388,Japan,Indonesia,14/9/1977,8:35,21/5/2004,4:50,383-97,50
389,389,Cuba,Thailand,5/9/2017,1:38,24/5/2006,16:18,430-11,82
390,390,China,China,9/11/2020,12:51,2/9/2000,15:50,466-29,51
391,391,United States,Czech Republic,12/2/2009,0:38,27/10/1982,22:44,339-59,79
392,392,Indonesia,Peru,27/1/2001,20:16,13/1/1975,2:52,373-74,09
393,393,Portugal,Costa Rica,23/7/1973,6:28,18/10/1987,21:06,001-88,33
394,394,China,El Salvador,18/6/1996,3:06,21/11/1988,15:23,719-50,35
395,395,Portugal,Bulgaria,2/5/1982,10:22,23/6/1999,2:10,444-92,56
396,396,Philippines,Brazil,15/4/2012,22:49,16/3/1976,10:25,924-58,45
397,397,Iceland,France,29/1/1990,14:08,20/10/1970,5:44,194-07,40
398,398,France,China,20/2/1982,21:14,10/1/2018,4:41,800-55,68
399,399,Russia,Greece,21/9/2006,0:06,3/2/2017,3:06,897-42,34
400,400,Sweden,Croatia,19/12/1993,19:06,29/7/1985,9:06,512-75,45
401,401,France,China,23/7/1991,7:15,13/8/1988,6:17,865-15,29
402,402,Venezuela,China,4/8/2015,23:42,28/1/1988,0:44,444-62,42
403,403,China,Indonesia,10/9/2004,11:34,12/11/1990,22:37,406-03,58
404,404,Costa Rica,Ethiopia,3/4/2005,11:34,22/5/1981,10:35,519-05,06
405,405,Thailand,China,9/4/1987,0:47,11/6/2008,13:11,010-47,01
406,406,Pakistan,Croatia,17/5/1992,5:20,12/5/2017,5:33,157-82,49
407,407,Czech Republic,China,25/1/1971,5:48,6/6/2016,0:47,625-00,97
408,408,Portugal,Canada,22/5/2014,1:43,25/4/2014,4:23,159-47,85
409,409,Albania,Australia,26/10/2000,19:56,5/1/2000,0:04,482-62,80
410,410,Czech Republic,Indonesia,17/11/1982,3:06,16/2/1992,10:03,733-77,00
411,411,Colombia,Afghanistan,25/1/1990,15:14,23/2/2012,18:37,775-92,24
412,412,Russia,Indonesia,13/5/1976,15:51,19/1/1981,19:14,609-90,65
413,413,Peru,Indonesia,21/2/1974,6:09,20/5/1977,13:16,872-58,13
414,414,Czech Republic,China,17/4/2013,22:37,30/6/1997,7:22,834-01,66
415,415,China,Russia,10/12/2014,7:20,26/7/2009,21:32,538-94,05
416,416,China,Brazil,27/12/2013,3:02,19/2/2002,22:58,392-67,04
417,417,Portugal,Philippines,9/3/1981,16:24,17/9/1998,19:01,075-57,56
418,418,Israel,China,31/12/2009,11:58,4/7/2013,0:04,044-72,24
419,419,Gambia,Russia,15/4/2014,15:18,4/2/1997,11:58,999-64,31
420,420,Indonesia,Iran,12/6/1974,10:37,20/6/2020,13:16,185-72,09
421,421,Tunisia,Republic of the Congo,10/6/2007,19:14,9/11/2015,14:06,105-96,71
422,422,Indonesia,Indonesia,21/5/2013,16:05,28/6/1993,1:28,822-91,49
423,423,Afghanistan,China,15/3/2010,7:36,9/12/1998,16:59,776-31,34
424,424,China,Gambia,29/4/1996,16:18,24/4/1981,2:43,874-01,01
425,425,Laos,Portugal,28/10/2006,5:03,20/8/1995,14:49,560-90,73
426,426,Indonesia,Pakistan,14/1/1991,14:33,20/8/1984,10:51,311-39,17
427,427,Greece,China,26/6/2007,4:25,22/2/1976,15:58,505-55,09
428,428,United States,China,22/11/1973,11:28,18/7/1979,2:14,150-22,33
429,429,Panama,Poland,4/11/1998,3:20,10/1/2009,5:05,034-45,25
430,430,Lithuania,Indonesia,8/8/2014,10:28,11/2/1980,1:04,277-85,36
431,431,Norway,Russia,1/5/1971,23:21,24/1/2011,19:58,710-76,02
432,432,Kenya,China,8/11/2007,16:10,13/7/1992,14:51,803-18,18
433,433,Guatemala,China,30/6/1980,20:49,25/12/1991,11:28,489-48,04
434,434,France,France,10/7/2014,2:48,5/7/2021,11:34,521-85,76
435,435,Estonia,United States,15/12/1979,19:44,8/9/2011,17:28,819-30,30
436,436,Indonesia,French Polynesia,11/2/2011,0:15,9/2/1972,18:04,614-76,78
437,437,Philippines,China,20/8/1977,0:53,23/1/1986,13:12,735-20,18
438,438,Indonesia,China,24/4/1995,18:35,2/12/1972,0:50,055-21,93
439,439,China,Indonesia,1/12/1973,19:33,10/6/1979,16:50,561-60,36
440,440,China,Peru,9/1/2018,9:59,25/10/2008,2:38,685-30,55
441,441,Indonesia,Russia,4/12/2004,2:27,22/1/1980,14:40,769-77,43
442,442,Macedonia,China,20/3/1987,23:53,4/12/1974,8:03,102-93,73
443,443,South Africa,Indonesia,19/2/1973,8:23,18/5/1985,16:58,791-47,22
444,444,China,Poland,24/8/1993,7:12,9/2/1991,7:19,203-42,98
445,445,Brazil,Greece,28/3/1982,2:13,5/10/1992,1:24,797-04,35
446,446,Russia,Argentina,12/5/1986,17:54,4/10/1997,13:11,024-12,98
447,447,Philippines,Syria,12/2/2008,10:55,17/12/1988,11:57,722-94,12
448,448,China,Colombia,12/4/2000,16:08,18/7/1977,22:30,444-00,90
449,449,Serbia,Indonesia,13/3/1984,11:19,5/4/1984,9:12,192-33,13
450,450,South Africa,Poland,14/3/2011,0:26,4/3/2018,9:28,491-52,27
451,451,Indonesia,Russia,1/6/1986,4:21,19/10/1987,7:11,527-48,23
452,452,China,China,12/2/2009,15:57,20/10/2012,16:41,371-39,20
453,453,Indonesia,Indonesia,12/7/1974,20:59,5/10/2001,11:03,807-62,85
454,454,Portugal,Bolivia,4/1/2016,15:26,6/8/2013,10:22,995-99,52
455,455,Philippines,China,15/7/1988,16:25,19/3/1987,6:00,400-06,06
456,456,Libya,China,9/4/2010,18:01,11/4/2012,13:34,179-36,55
457,457,Ukraine,Indonesia,3/3/2012,11:38,22/9/1980,22:32,281-05,13
458,458,Russia,Indonesia,20/6/1982,20:28,21/5/1996,10:52,658-89,80
459,459,China,Indonesia,13/1/2019,6:08,29/1/2010,18:34,183-91,91
460,460,Dominican Republic,Nigeria,14/10/2020,13:24,11/12/1991,22:19,347-36,22
461,461,China,Russia,5/8/2006,20:02,23/11/1973,4:38,465-98,44
462,462,Egypt,Haiti,21/3/2014,19:34,5/11/1987,0:21,450-54,48
463,463,United States,Afghanistan,7/5/1997,18:18,4/10/1999,0:53,496-99,29
464,464,Cuba,Cuba,15/5/2007,20:49,18/7/2007,3:34,351-11,98
465,465,Portugal,Poland,19/9/1976,0:33,23/2/1997,7:19,869-79,62
466,466,Western Sahara,Togo,15/5/1989,8:29,3/12/1976,6:59,827-47,71
467,467,Ethiopia,Japan,6/1/2000,9:03,3/8/1992,4:11,607-87,86
468,468,Canada,Canada,12/8/1999,3:11,7/8/1979,6:31,294-78,48
469,469,Bangladesh,Brazil,2/4/1998,6:48,5/1/1987,5:31,153-88,86
470,470,Russia,China,1/6/1991,18:51,13/10/1989,1:53,543-09,77
471,471,Sweden,China,30/8/2008,8:17,30/4/2011,9:39,985-06,85
472,472,Russia,Peru,25/6/2010,2:55,16/10/1988,5:03,463-55,91
473,473,Russia,Afghanistan,14/7/2014,20:53,23/2/2012,18:43,078-50,78
474,474,China,China,31/8/2001,14:27,21/1/2001,18:24,675-33,78
475,475,Philippines,Albania,19/8/2007,6:04,1/2/2014,18:07,714-67,41
476,476,Japan,Indonesia,11/4/1975,6:03,12/4/2009,4:16,524-76,80
477,477,Azerbaijan,China,22/6/1998,23:25,8/5/2021,15:44,195-56,70
478,478,China,China,26/3/1987,18:19,13/2/2010,21:09,424-65,87
479,479,Indonesia,Czech Republic,25/2/1993,5:48,1/6/1990,12:28,344-07,11
480,480,China,Philippines,15/5/2009,1:37,19/7/1997,16:28,608-96,19
481,481,North Korea,Qatar,30/3/1979,4:06,6/7/1980,14:03,700-71,52
482,482,Indonesia,Indonesia,13/12/2017,14:05,29/4/2017,9:47,469-33,27
483,483,Ukraine,China,17/8/1988,17:37,24/1/1978,1:43,211-35,91
484,484,Russia,Indonesia,26/4/2019,9:47,20/3/1973,11:05,999-01,88
485,485,Colombia,Albania,12/9/2017,4:30,26/5/1997,15:04,950-46,09
486,486,Brazil,Indonesia,6/11/1984,21:56,16/9/1996,5:06,854-65,25
487,487,China,Philippines,4/5/2015,22:25,16/3/1999,15:04,881-41,13
488,488,Indonesia,Indonesia,8/11/2009,20:16,8/11/2007,20:21,034-78,88
489,489,Sweden,Philippines,2/4/1987,9:06,8/9/2013,1:53,137-37,92
490,490,Argentina,Brazil,30/11/2019,13:33,9/12/1996,11:57,484-68,52
491,491,China,Sweden,30/6/1987,5:49,1/10/1975,20:42,588-74,33
492,492,Indonesia,China,19/5/2020,14:40,9/5/2001,17:20,674-47,58
493,493,Portugal,Spain,29/1/1998,20:00,24/12/1974,10:13,744-81,10
494,494,Cambodia,Venezuela,16/10/1993,3:31,13/1/1996,3:26,122-58,03
495,495,Indonesia,China,27/7/2013,11:30,14/11/1990,2:55,520-50,72
496,496,Poland,Czech Republic,7/6/2010,20:30,7/9/2018,6:23,420-35,91
497,497,Ukraine,Nigeria,20/2/1995,12:25,26/12/1981,13:54,780-28,95
498,498,Philippines,Indonesia,23/1/1981,2:42,29/4/1995,11:56,051-82,25
499,499,Tunisia,Tunisia,6/12/1993,20:31,2/9/2010,11:36,727-77,91
500,500,China,Czech Republic,7/10/2000,23:35,27/8/1998,1:19,470-41,78
501,501,Sweden,Colombia,3/5/1995,18:09,15/10/1995,18:51,020-29,04
502,502,United Kingdom,China,4/5/2012,15:51,26/3/2006,2:20,426-49,09
503,503,Costa Rica,Philippines,8/8/1979,6:32,23/2/1997,0:58,373-61,47
504,504,Poland,Indonesia,27/8/1972,19:53,20/2/2008,20:34,037-83,61
505,505,Philippines,Namibia,11/7/2008,11:03,8/3/2019,1:44,058-39,23
506,506,Indonesia,Russia,6/6/2020,13:36,30/11/2020,22:02,607-25,90
507,507,Indonesia,Philippines,1/7/1983,21:06,17/6/2005,5:20,003-06,73
508,508,Guam,Portugal,7/4/1983,10:16,30/7/2006,15:09,753-96,28
509,509,Iran,Russia,9/11/2009,15:07,13/8/1983,14:53,679-18,08
510,510,Venezuela,Tonga,6/1/1993,16:56,27/10/2020,13:22,360-25,21
511,511,China,Russia,22/5/2009,13:50,16/2/2002,9:07,016-23,65
512,512,Croatia,China,26/11/2019,9:57,4/11/1999,21:05,949-64,46
513,513,Mayotte,Poland,10/7/2000,10:16,3/9/1995,12:28,400-24,16
514,514,Thailand,China,28/11/1999,9:20,17/5/2002,6:07,939-46,03
515,515,South Korea,South Korea,15/4/2009,17:13,5/1/1990,11:31,157-66,09
516,516,China,China,30/6/1997,3:19,15/1/1993,6:59,847-95,10
517,517,Israel,Philippines,16/7/2019,0:07,2/3/1997,1:27,324-71,97
518,518,France,China,29/12/1979,9:47,20/4/1983,11:36,716-08,62
519,519,China,Spain,7/2/1979,3:56,25/6/1971,8:10,163-32,42
520,520,Malaysia,Poland,15/7/1996,1:30,12/4/1979,8:21,124-03,46
521,521,Indonesia,Yemen,30/8/1993,18:48,24/7/1973,1:02,241-55,43
522,522,Spain,Russia,19/9/2007,23:00,16/12/1995,12:55,568-81,86
523,523,Russia,Libya,16/12/1995,16:45,2/12/2019,23:24,010-40,32
524,524,China,China,6/7/1992,7:01,2/12/1978,5:28,943-74,74
525,525,Namibia,Poland,23/4/2001,15:22,9/9/1979,0:35,489-71,02
526,526,Canada,Russia,8/4/1985,7:28,30/7/2018,0:39,909-47,01
527,527,Ireland,Brazil,25/11/2018,3:46,11/12/2005,2:04,785-69,46
528,528,Iran,Canada,6/8/1977,14:01,17/5/2019,8:51,879-67,97
529,529,Philippines,Philippines,20/9/1993,14:41,9/5/2005,20:12,570-72,55
530,530,Indonesia,Chile,29/11/1980,10:08,10/1/1992,23:18,002-13,81
531,531,Colombia,Indonesia,1/9/2017,18:53,15/6/1990,21:40,436-30,20
532,532,United States,Mongolia,17/2/1971,11:24,8/9/1983,23:05,154-14,75
533,533,China,Indonesia,4/12/2008,23:00,26/5/1982,2:58,657-41,27
534,534,Israel,South Sudan,8/10/1999,23:47,3/4/2011,22:37,041-44,45
535,535,Brazil,Brazil,25/5/2016,6:57,17/3/2020,20:38,409-72,39
536,536,Indonesia,Indonesia,24/9/2017,20:26,28/9/1975,6:55,540-16,04
537,537,China,Guatemala,2/9/1972,3:09,25/1/1977,17:27,901-09,75
538,538,Chile,France,18/11/1988,14:19,2/8/1996,1:25,965-65,79
539,539,Nigeria,Sweden,11/8/1977,11:40,9/10/1995,6:29,531-86,64
540,540,Sweden,Greece,18/3/1980,6:37,9/2/1986,2:58,546-59,58
541,541,Guatemala,Brazil,29/9/1991,19:08,25/3/1987,3:02,730-75,37
542,542,China,China,18/4/1989,22:27,19/1/2005,22:36,785-03,91
543,543,Indonesia,Indonesia,29/5/2005,13:01,8/2/1979,22:57,359-09,09
544,544,Argentina,Albania,9/5/2020,12:46,30/5/2000,20:33,115-95,89
545,545,Portugal,Madagascar,13/3/2003,21:03,1/2/2002,11:47,426-17,84
546,546,Lebanon,El Salvador,1/12/1974,16:37,19/4/1983,18:55,398-76,20
547,547,Philippines,Russia,8/2/2000,23:28,4/3/1999,18:32,552-51,26
548,548,Palestinian Territory,Guinea,23/7/2004,21:30,28/3/1998,21:24,086-91,67
549,549,Mexico,China,23/9/2013,22:11,6/4/2013,4:15,168-89,63
550,550,Philippines,Pakistan,28/10/1971,22:13,22/2/1980,8:13,499-85,71
551,551,China,Turkmenistan,15/7/1975,12:59,16/2/1972,3:22,864-30,43
552,552,Mauritius,Sri Lanka,2/2/2004,13:59,18/12/2013,4:41,907-36,28
553,553,Brazil,Sweden,1/10/1982,13:27,17/2/2006,8:01,011-55,35
554,554,Czech Republic,Philippines,18/3/1989,4:16,31/10/1998,4:37,435-83,60
555,555,Czech Republic,China,12/7/1974,11:09,20/10/1978,10:56,610-86,22
556,556,China,Sweden,15/10/2003,5:15,12/2/2019,4:27,604-89,79
557,557,South Africa,South Africa,23/5/2010,3:51,14/4/1979,20:48,672-64,05
558,558,Mexico,Portugal,11/3/1998,12:37,31/8/1978,7:53,362-72,18
559,559,Syria,China,2/2/1982,8:34,20/12/2003,2:13,188-63,33
560,560,Indonesia,Hungary,21/6/2011,21:51,14/6/1999,11:51,728-57,92
561,561,Indonesia,China,27/7/2007,12:59,23/5/1977,17:56,408-07,60
562,562,Russia,Poland,25/10/1993,20:23,11/1/1999,6:40,931-03,43
563,563,Portugal,Argentina,19/5/1994,0:00,8/12/1998,12:17,658-39,62
564,564,China,China,13/11/2006,23:43,27/3/1986,21:25,336-38,92
565,565,Liberia,Turkmenistan,12/4/1984,9:49,7/9/2014,15:13,009-53,42
566,566,China,China,17/5/2006,5:20,29/11/1996,15:27,367-91,39
567,567,Australia,Georgia,16/11/1970,20:17,10/4/1982,18:53,800-18,43
568,568,Nepal,Mexico,21/4/1993,12:28,24/3/1984,10:57,484-50,14
569,569,Portugal,Indonesia,11/9/1977,1:39,9/8/2005,12:40,476-45,71
570,570,Poland,Guinea,25/12/1992,15:41,28/7/2013,10:09,791-39,83
571,571,China,Indonesia,18/1/1997,12:08,13/2/1992,0:27,072-56,96
572,572,China,Indonesia,4/6/2011,4:34,25/10/2020,14:02,557-60,92
573,573,China,Poland,15/9/2001,1:57,30/1/1998,23:42,038-06,71
574,574,Brazil,Ukraine,18/11/2011,1:03,8/9/1977,4:51,156-17,76
575,575,China,Indonesia,10/4/2010,0:09,17/5/2007,5:09,963-92,98
576,576,Ukraine,China,10/3/2004,16:38,20/3/1994,11:00,771-85,83
577,577,Russia,Taiwan,31/10/1978,18:40,27/10/1994,6:08,869-34,40
578,578,Sweden,Sweden,23/3/1975,0:04,17/5/2016,20:25,025-33,43
579,579,Malta,Vietnam,17/2/1973,2:08,17/12/1994,19:46,982-58,45
580,580,Greece,Greece,13/8/2003,1:55,13/3/1995,14:26,390-65,98
581,581,Afghanistan,Angola,30/4/1991,18:53,21/3/1987,12:03,591-73,70
582,582,Afghanistan,United States,27/7/1989,7:31,27/1/2014,19:37,290-04,20
583,583,China,China,21/4/1986,17:29,11/3/2016,1:24,697-54,18
584,584,Poland,France,11/12/1993,0:37,18/2/2016,20:18,154-14,71
585,585,Colombia,Portugal,18/12/1995,8:51,1/10/2014,21:30,043-22,67
586,586,United States,Colombia,22/8/2003,0:59,2/3/1998,1:46,084-90,19
587,587,Philippines,China,21/8/1998,8:41,13/12/2009,17:03,512-76,75
588,588,Indonesia,Ethiopia,28/5/1975,3:39,6/12/1996,4:51,593-40,16
589,589,France,Portugal,8/8/1974,23:32,5/5/2020,8:15,455-83,99
590,590,Thailand,China,30/7/2006,20:16,22/7/2005,10:40,621-44,84
591,591,Cameroon,South Korea,6/8/2009,4:29,1/12/2019,14:36,324-90,98
592,592,China,United States,19/5/1987,23:50,20/11/1993,16:38,493-89,60
593,593,China,China,9/1/1981,2:43,18/2/2019,19:26,742-30,05
594,594,Macedonia,China,6/11/1971,0:06,6/2/2010,22:41,708-03,62
595,595,Sweden,Argentina,14/7/1977,1:54,13/2/2021,4:23,627-09,36
596,596,Pakistan,Indonesia,22/12/1996,7:13,30/3/1981,1:38,027-16,87
597,597,Sweden,Colombia,11/2/2019,23:40,13/6/1982,23:33,584-97,15
598,598,Indonesia,Morocco,31/1/2007,20:10,30/12/2012,2:10,425-72,10
599,599,Netherlands,Portugal,21/11/1975,10:44,21/11/1995,10:54,637-51,47
600,600,Indonesia,Sri Lanka,3/11/1973,1:56,25/2/1984,8:38,876-94,64
601,601,Russia,Afghanistan,16/8/1977,5:54,17/4/2013,10:08,127-84,07
602,602,Malaysia,Poland,6/4/2007,5:47,28/10/1979,22:47,946-30,79
603,603,Portugal,China,9/10/1997,5:41,30/8/2013,17:48,657-24,72
604,604,China,Japan,5/2/1979,8:21,1/1/2001,8:09,259-97,22
605,605,Central African Republic,Netherlands,14/9/1998,17:54,30/3/2011,2:32,838-36,12
606,606,Russia,Colombia,5/3/2011,4:25,19/12/2019,13:20,570-19,63
607,607,China,Sweden,10/4/2011,18:44,14/9/1974,4:14,493-60,06
608,608,Indonesia,Brazil,2/9/2006,12:53,21/5/1982,3:40,671-94,56
609,609,Chile,Sweden,10/3/2007,23:23,23/3/1981,8:38,545-61,10
610,610,Indonesia,Cambodia,3/2/1995,16:46,25/1/2020,11:33,641-37,05
611,611,Argentina,China,23/7/1987,14:51,29/8/1988,16:57,247-39,05
612,612,Portugal,Azerbaijan,18/8/2004,20:03,18/9/1980,15:55,788-02,18
613,613,Thailand,Thailand,12/1/2003,17:37,14/10/1995,6:53,516-96,84
614,614,Mongolia,Indonesia,26/8/1971,6:38,16/7/2020,19:43,236-04,65
615,615,China,Argentina,28/6/1984,1:38,24/7/1986,8:40,553-81,02
616,616,Cuba,Czech Republic,28/8/1971,16:21,29/3/1988,12:23,637-58,56
617,617,Costa Rica,China,22/7/1994,16:22,10/7/2006,14:22,673-75,51
618,618,Russia,Philippines,17/8/2018,15:34,30/10/2002,6:33,319-57,16
619,619,Venezuela,Armenia,18/10/2004,5:10,19/10/1970,9:40,541-07,29
620,620,Somalia,Czech Republic,13/7/2011,1:55,28/11/1971,14:40,927-51,24
621,621,Indonesia,China,7/1/1978,5:16,19/11/2009,18:13,572-49,68
622,622,Portugal,Brazil,5/9/1992,18:41,30/10/2020,1:59,670-51,98
623,623,Mongolia,Iran,28/1/2007,23:09,7/10/1985,20:06,170-70,78
624,624,Indonesia,Norway,17/8/1972,19:48,18/11/1991,20:00,787-70,04
625,625,Indonesia,Portugal,23/1/2006,21:15,27/7/2017,21:00,405-83,68
626,626,Finland,Madagascar,15/8/1982,14:13,20/12/1989,20:58,839-39,74
627,627,Albania,China,15/11/1978,12:40,2/9/1986,17:55,792-52,99
628,628,Haiti,Brazil,9/9/1985,12:57,22/8/1991,9:42,821-32,84
629,629,Uganda,Indonesia,23/4/1973,14:36,30/5/1973,1:24,601-20,13
630,630,Brazil,Indonesia,14/10/1984,4:18,2/12/2010,22:13,559-60,61
631,631,Argentina,Portugal,3/9/2003,22:21,2/9/2000,15:10,060-59,24
632,632,Japan,China,23/3/2005,5:51,31/7/2011,16:46,364-73,38
633,633,Afghanistan,Uganda,20/11/2005,5:30,22/10/1980,13:59,668-76,00
634,634,Ukraine,Indonesia,24/3/2003,0:17,24/7/1993,21:40,997-50,36
635,635,Luxembourg,China,1/4/2000,3:11,8/11/1984,15:52,372-15,83
636,636,Bulgaria,Philippines,19/6/2009,11:46,28/12/2001,18:37,909-50,92
637,637,Papua New Guinea,Brazil,8/1/1994,22:19,1/8/1994,0:39,690-74,28
638,638,Portugal,Peru,12/1/1971,10:22,5/4/2012,2:45,924-13,06
639,639,Philippines,Serbia,13/1/1991,22:49,10/5/1978,18:48,897-93,33
640,640,Paraguay,Czech Republic,9/7/1977,12:18,30/9/2009,7:10,753-41,27
641,641,Vietnam,China,9/8/2018,16:55,30/6/2000,14:14,615-89,14
642,642,Angola,Bolivia,17/4/1982,18:57,1/7/2006,20:16,094-56,51
643,643,Indonesia,Russia,3/10/1984,0:44,28/6/2002,0:13,066-73,46
644,644,Sweden,China,13/9/1975,6:51,4/10/1977,21:13,851-43,83
645,645,France,Greece,23/4/1974,15:38,28/9/1980,23:48,131-10,13
646,646,United States,Japan,6/4/1973,12:40,16/3/1990,5:27,808-37,64
647,647,China,Philippines,21/5/1987,16:09,23/12/1976,16:28,847-56,24
648,648,China,Portugal,6/5/1982,14:14,24/11/1991,0:30,844-32,93
649,649,Indonesia,Bosnia and Herzegovina,27/12/2010,8:30,8/3/1987,5:13,911-10,62
650,650,Mexico,China,29/3/1985,2:43,13/4/2021,22:17,113-15,54
651,651,France,Greece,9/7/2003,3:46,17/11/1973,3:55,742-65,60
652,652,Sweden,Honduras,13/7/2020,19:03,26/12/2009,18:47,219-35,01
653,653,Czech Republic,Czech Republic,1/10/1984,1:38,31/1/2010,14:39,698-14,68
654,654,Comoros,Sweden,17/9/2015,20:13,17/1/1989,16:07,910-05,14
655,655,Sweden,Nicaragua,7/10/1981,8:51,9/11/1995,22:55,196-41,48
656,656,Poland,Madagascar,24/5/1992,11:00,7/10/2011,14:01,653-44,41
657,657,Philippines,China,15/8/1988,3:42,2/6/1995,2:08,128-14,83
658,658,Sweden,Thailand,21/7/1978,21:29,15/1/2009,1:13,693-18,20
659,659,China,Czech Republic,10/10/2000,17:22,15/2/2018,14:30,964-96,61
660,660,Paraguay,Poland,10/5/2010,1:34,3/4/2012,5:51,680-48,13
661,661,Brazil,Philippines,18/2/2019,3:41,26/9/2017,9:58,815-27,87
662,662,Philippines,Indonesia,20/1/1972,16:17,9/1/2003,8:36,884-85,35
663,663,China,Finland,21/11/2006,14:07,22/4/1979,10:38,980-03,86
664,664,China,Greece,6/7/2019,7:55,15/9/1992,11:19,678-04,68
665,665,Brazil,Croatia,21/1/2014,22:41,26/7/2015,17:11,067-61,65
666,666,Greece,France,6/1/1991,12:32,8/7/1997,17:35,059-51,44
667,667,China,Indonesia,2/7/1976,5:57,13/5/1976,11:44,706-68,71
668,668,Philippines,Poland,14/1/1977,2:08,19/11/1993,15:01,121-62,64
669,669,France,Czech Republic,24/3/1975,11:55,13/4/2017,7:32,347-24,88
670,670,China,United States,16/8/1975,18:47,22/6/1980,18:17,186-45,06
671,671,Russia,Indonesia,26/9/1989,7:21,24/3/1983,10:18,530-20,07
672,672,Philippines,Russia,5/6/2010,22:14,26/1/2015,7:18,514-21,36
673,673,Ukraine,Japan,31/12/1996,17:33,8/5/2000,4:46,984-21,31
674,674,Yemen,Guatemala,29/9/2000,21:09,21/10/2011,11:42,315-70,70
675,675,Poland,China,19/10/1996,5:37,14/4/2003,7:03,710-05,10
676,676,Slovenia,China,23/10/1998,2:33,2/8/1978,0:46,892-37,67
677,677,Poland,Mongolia,19/12/1998,19:55,17/3/1975,4:19,225-40,09
678,678,United States,Philippines,20/4/1989,16:57,24/9/2019,22:03,611-29,81
679,679,Philippines,Poland,14/8/1993,14:07,4/3/1981,3:26,208-74,44
680,680,Czech Republic,Ukraine,4/8/2018,14:25,4/9/2016,14:39,048-73,11
681,681,Finland,China,28/9/1983,10:33,2/2/1977,7:33,650-38,03
682,682,Dominican Republic,France,5/3/1980,11:24,21/5/1987,17:01,382-27,64
683,683,China,Philippines,13/1/1989,18:49,15/6/1986,13:18,017-78,77
684,684,China,China,11/7/1978,5:08,2/1/1980,8:58,217-99,05
685,685,Poland,Netherlands,19/8/1971,0:05,15/11/2018,19:24,041-09,20
686,686,Macedonia,China,1/1/1989,0:13,31/8/1978,13:39,683-07,30
687,687,China,Indonesia,6/8/1984,23:09,2/1/1971,8:06,820-10,29
688,688,Indonesia,Greece,16/4/2012,2:42,22/2/1994,11:49,564-07,60
689,689,China,Kosovo,16/1/2020,19:12,8/5/2001,17:39,126-00,57
690,690,Dominican Republic,France,17/9/1984,23:35,11/9/2011,1:26,886-96,76
691,691,China,Peru,28/12/2013,0:54,5/7/2020,19:20,832-81,93
692,692,Peru,Norway,17/9/1971,10:55,13/1/1986,5:47,257-19,13
693,693,Burkina Faso,China,21/8/1991,12:10,20/2/2004,23:04,089-44,38
694,694,Papua New Guinea,China,29/8/2010,7:29,15/11/1973,2:34,622-25,85
695,695,China,Netherlands,8/7/2003,17:39,28/4/1978,17:53,061-00,33
696,696,Sweden,Brazil,8/5/1999,18:29,5/6/1990,0:24,838-41,32
697,697,Vietnam,Sweden,30/11/1981,21:13,31/8/2018,4:30,560-87,51
698,698,Indonesia,Canada,1/9/2019,2:16,17/4/1971,3:33,657-01,96
699,699,Indonesia,Argentina,15/3/1973,3:57,4/12/1975,9:59,549-92,48
700,700,Brazil,Indonesia,14/12/1978,9:16,14/9/1987,0:34,556-84,80
701,701,Russia,Colombia,9/11/1990,18:57,5/6/1982,1:29,978-50,76
702,702,Belarus,China,21/4/2021,17:56,10/3/2013,12:43,032-96,13
703,703,China,Portugal,2/5/2004,13:48,12/11/2006,20:02,583-86,43
704,704,Indonesia,North Korea,19/1/1990,18:41,28/5/1988,19:37,571-18,00
705,705,China,Honduras,24/8/1993,11:59,31/3/2019,5:55,935-24,25
706,706,Indonesia,Mauritius,10/8/1976,18:21,26/11/1980,5:21,709-68,03
707,707,Thailand,Norway,28/4/1983,5:28,20/12/1974,20:51,964-79,44
708,708,Brazil,Russia,10/6/1990,20:35,22/7/2020,0:28,333-62,53
709,709,Argentina,Indonesia,25/12/1975,13:24,6/4/1994,14:19,806-35,76
710,710,Panama,Philippines,26/6/1978,0:25,14/7/1986,5:58,496-31,48
711,711,China,Portugal,8/10/2019,22:12,17/10/1982,1:34,174-80,89
712,712,China,Estonia,15/11/1988,15:34,13/4/1977,4:07,063-49,98
713,713,Panama,Ethiopia,16/4/1984,2:39,30/4/1995,18:16,618-50,74
714,714,Sweden,Canada,22/11/2005,2:10,22/5/1994,21:46,022-94,15
715,715,Russia,Poland,20/3/1987,1:43,18/1/1974,12:48,826-33,07
716,716,Peru,China,10/6/1971,8:06,30/9/1977,10:13,282-57,18
717,717,Indonesia,Russia,13/5/2007,14:07,4/4/1972,6:34,004-45,88
718,718,Indonesia,Saudi Arabia,6/10/2010,9:08,13/2/1998,7:39,827-76,34
719,719,Philippines,Morocco,5/10/1976,11:07,15/3/2021,9:44,152-14,11
720,720,Mexico,Russia,7/9/2019,0:41,9/11/2004,19:18,174-11,33
721,721,Philippines,China,21/5/2010,1:37,2/1/1989,4:22,069-88,14
722,722,Cyprus,Uganda,27/1/1974,4:57,5/11/2005,10:31,128-53,44
723,723,Albania,Oman,19/4/1989,13:59,14/5/2000,19:27,447-73,69
724,724,Indonesia,North Korea,14/3/1979,10:46,9/12/1983,5:48,025-76,50
725,725,Serbia,China,14/8/1987,10:45,31/1/2005,3:48,332-51,84
726,726,Nigeria,Serbia,24/6/1992,19:35,20/11/1974,3:47,185-84,35
727,727,United States,Palestinian Territory,21/10/2009,1:54,30/11/2016,15:55,308-42,49
728,728,Slovenia,China,17/6/2019,5:29,20/6/2010,14:26,037-62,15
729,729,Azerbaijan,Brazil,14/11/2013,9:42,30/5/1996,0:20,724-97,03
730,730,Lithuania,France,8/3/1972,5:46,4/7/1992,16:22,745-66,54
731,731,Russia,Nigeria,9/6/2017,11:18,22/11/1990,14:46,456-11,41
732,732,Lebanon,Mexico,31/1/2019,20:20,8/1/1974,15:25,088-44,45
733,733,Philippines,Indonesia,26/1/1975,21:05,18/7/2009,0:54,020-37,30
734,734,France,Indonesia,10/4/2015,14:38,19/9/2000,1:02,167-91,10
735,735,China,Philippines,12/3/1995,21:42,20/4/2020,5:29,148-22,26
736,736,Cuba,Bolivia,16/4/1972,2:14,4/10/1984,16:49,267-49,97
737,737,Indonesia,Syria,14/6/2001,6:20,2/5/2005,17:02,626-87,88
738,738,China,Canada,31/5/2001,20:06,5/4/1990,4:37,551-90,76
739,739,Russia,China,8/6/1993,4:55,22/9/2001,10:15,382-02,48
740,740,Colombia,Greece,18/6/2014,12:52,10/6/1977,6:59,767-56,14
741,741,Indonesia,Albania,11/10/1980,17:43,17/4/1986,1:07,844-43,10
742,742,Indonesia,Philippines,11/2/1993,13:22,3/9/1986,16:45,831-32,63
743,743,Brazil,Argentina,21/10/1982,8:55,9/2/2005,22:52,381-25,39
744,744,Russia,China,19/7/1983,11:55,28/4/2006,15:35,324-57,76
745,745,Ireland,Canada,18/8/1995,11:02,30/10/1980,20:20,609-47,78
746,746,Thailand,Panama,20/10/1999,5:16,11/2/1991,20:09,629-75,21
747,747,China,China,23/5/1986,4:01,6/8/1973,10:02,953-59,75
748,748,Poland,China,9/10/2005,17:36,25/7/1975,3:15,092-11,72
749,749,Czech Republic,Brazil,23/9/2000,23:10,8/6/2017,11:32,875-00,15
750,750,Guatemala,China,21/1/1988,2:47,9/12/2003,0:14,147-12,46
751,751,Philippines,Russia,12/3/2021,14:28,28/7/2000,14:33,822-37,44
752,752,Cyprus,China,5/3/1982,15:02,5/12/1994,11:42,724-89,99
753,753,China,China,27/10/1983,10:57,5/2/1990,21:32,691-36,05
754,754,Ukraine,Colombia,12/6/1983,20:59,19/12/1977,23:51,261-13,41
755,755,Israel,China,12/1/2007,15:18,8/4/1971,2:23,895-55,21
756,756,Vietnam,China,1/7/1983,16:54,11/3/1984,23:32,881-67,61
757,757,Brazil,Uganda,15/12/1999,6:21,29/10/2019,14:53,077-10,44
758,758,Morocco,China,1/2/1996,7:55,4/5/2001,18:28,682-50,21
759,759,Indonesia,Sweden,21/10/2002,9:17,18/2/2008,22:18,250-73,37
760,760,Portugal,South Korea,4/9/2011,6:56,16/4/2020,12:56,496-08,11
761,761,Cuba,Brazil,26/5/1979,20:20,13/8/2003,2:51,628-60,96
762,762,Brazil,China,17/9/1981,2:57,3/3/2017,17:15,275-81,11
763,763,China,Czech Republic,31/12/2018,18:20,1/5/1993,9:51,079-83,50
764,764,Thailand,Russia,3/9/2012,20:21,12/10/1981,5:03,849-95,54
765,765,United States,France,10/10/1997,18:26,3/9/1994,16:18,260-09,96
766,766,Argentina,Bulgaria,18/1/2012,19:16,17/8/2019,22:19,753-46,18
767,767,Indonesia,Czech Republic,15/9/2004,17:53,30/11/1976,15:54,990-03,83
768,768,China,Indonesia,30/11/2018,14:05,13/10/2017,5:54,353-47,63
769,769,China,Indonesia,21/5/2016,7:30,10/1/2008,18:03,045-90,78
770,770,China,Indonesia,23/6/1979,16:27,18/2/1993,6:20,128-74,30
771,771,Thailand,Philippines,2/4/1980,5:24,24/2/1979,10:27,030-52,37
772,772,Indonesia,Russia,22/3/2009,19:38,8/7/1980,5:45,384-56,10
773,773,China,Mongolia,1/9/2002,8:46,30/7/2013,1:06,721-53,30
774,774,Japan,Indonesia,19/4/1993,18:24,9/4/1989,12:12,011-21,71
775,775,Argentina,France,29/6/2012,5:04,28/11/1997,5:51,056-72,47
776,776,China,China,10/10/1970,21:11,18/9/2010,17:44,586-43,21
777,777,Russia,Brazil,28/10/1999,15:49,15/7/1993,6:47,269-79,40
778,778,China,Honduras,23/2/1989,17:15,14/10/1978,7:11,673-22,26
779,779,Finland,Peru,31/8/2004,8:38,13/4/2020,6:06,479-58,16
780,780,Portugal,China,3/5/2005,13:26,18/2/2016,18:16,111-28,16
781,781,Thailand,China,19/1/2004,21:36,3/1/2008,15:29,071-62,10
782,782,Philippines,Indonesia,18/1/1994,3:07,2/8/2006,3:55,835-36,95
783,783,Myanmar,Vietnam,26/7/2009,15:13,20/6/1982,4:15,977-77,07
784,784,Armenia,Russia,2/4/2015,3:28,2/8/2002,20:17,504-98,62
785,785,Austria,China,21/11/1971,8:12,8/11/1989,7:38,738-24,14
786,786,Russia,United States,17/8/2006,21:05,13/6/1999,21:49,245-29,79
787,787,Vietnam,Russia,15/4/1993,3:07,22/4/1971,3:43,549-82,25
788,788,China,Indonesia,9/12/1980,23:04,12/11/1998,7:07,992-59,86
789,789,Russia,China,17/12/1997,21:01,6/6/2018,21:05,861-34,44
790,790,China,United States,15/2/1993,11:39,17/1/2020,17:58,543-07,35
791,791,Philippines,Indonesia,24/4/2003,3:51,26/10/1979,18:49,429-12,22
792,792,Peru,Sweden,7/7/2003,7:29,15/6/1996,23:28,585-67,73
793,793,Sweden,Colombia,9/3/2003,15:52,24/8/1972,4:40,717-60,22
794,794,U.S. Virgin Islands,United States,23/12/1996,11:17,22/7/1978,5:06,472-32,34
795,795,China,United Kingdom,10/8/2005,1:51,1/4/2006,9:16,233-16,75
796,796,Bosnia and Herzegovina,Tunisia,18/4/2015,3:12,14/9/2003,10:38,747-33,99
797,797,Indonesia,Brazil,13/8/2021,7:35,7/1/2003,19:32,723-06,98
798,798,China,China,21/9/1988,6:13,6/6/2012,7:15,146-35,81
799,799,Russia,China,7/10/2017,12:43,22/8/1999,16:59,178-92,40
800,800,Argentina,Peru,19/1/1983,3:10,22/8/1972,9:28,355-93,46
801,801,United States,Madagascar,24/11/2003,12:20,28/5/1994,22:38,092-82,08
802,802,Ukraine,Ethiopia,27/1/1973,12:40,14/8/1974,0:30,960-90,78
803,803,Peru,Greece,30/5/1972,18:14,30/6/1992,21:17,923-96,65
804,804,China,Lithuania,27/3/2013,21:04,5/2/1992,13:16,331-37,86
805,805,Vietnam,United States,2/3/1972,4:12,7/6/1992,4:45,941-43,48
806,806,Portugal,China,23/5/2009,5:08,16/12/1993,11:21,694-86,51
807,807,Nigeria,Greece,29/5/1990,0:58,14/4/1994,14:01,515-89,68
808,808,Pakistan,Indonesia,14/11/1989,6:59,27/10/2010,19:02,312-24,23
809,809,Canada,Chad,16/2/2004,6:50,5/4/2013,10:24,028-10,17
810,810,Tanzania,Jamaica,7/1/2017,14:38,21/5/2002,4:35,292-53,33
811,811,Iraq,Armenia,18/8/2009,6:49,12/5/2020,12:41,321-53,27
812,812,Cuba,Greece,5/8/1984,0:19,10/11/1971,8:12,083-99,35
813,813,Luxembourg,Portugal,13/8/2007,20:42,4/5/1976,7:06,880-07,05
814,814,Indonesia,Colombia,5/12/1994,8:43,9/10/1994,8:24,808-31,50
815,815,Thailand,Indonesia,9/8/2003,21:19,17/6/1981,5:25,912-61,49
816,816,Portugal,Iran,17/3/2020,2:56,7/7/2015,0:23,813-18,79
817,817,Peru,Indonesia,3/8/2005,5:28,22/5/1992,10:11,790-82,96
818,818,Libya,Czech Republic,5/5/1974,13:04,26/6/2001,20:21,789-81,46
819,819,Ivory Coast,Indonesia,5/1/2003,5:08,25/8/2016,20:20,964-79,05
820,820,China,Russia,20/2/1992,13:13,7/8/1990,1:50,013-52,74
821,821,Colombia,Brazil,8/10/2010,13:53,6/10/2012,9:42,568-96,39
822,822,Sweden,United States,23/5/2018,17:27,31/12/1984,11:39,614-83,94
823,823,China,United States,7/6/1976,0:49,8/3/1989,12:39,061-47,08
824,824,France,Bolivia,21/3/1976,10:28,3/8/1987,5:58,166-62,30
825,825,Honduras,Russia,28/10/1978,3:23,14/11/1997,7:56,040-81,73
826,826,Portugal,China,11/11/1981,20:08,23/6/1991,13:10,789-26,29
827,827,Russia,Russia,31/1/1996,17:37,7/7/1999,22:20,852-82,23
828,828,Sweden,Brazil,20/8/2007,9:40,30/4/2000,2:58,480-80,54
829,829,Russia,Azerbaijan,10/5/1989,6:47,19/7/2009,19:53,266-99,83
830,830,Greece,China,17/12/2004,8:54,15/1/1989,2:08,474-36,01
831,831,Russia,Ghana,8/10/2013,20:32,18/1/1986,5:11,064-78,27
832,832,Ukraine,China,25/9/2008,13:31,30/9/2005,6:29,467-31,34
833,833,China,China,25/2/2016,13:17,20/2/2002,0:11,215-39,88
834,834,Argentina,China,1/7/1979,16:58,17/7/2018,9:07,473-20,24
835,835,Indonesia,Russia,22/7/2015,9:42,30/11/1979,20:45,608-31,29
836,836,China,Indonesia,19/1/1976,11:48,1/2/2021,7:35,980-44,02
837,837,Yemen,China,31/10/2011,21:44,9/1/1979,18:03,460-53,63
838,838,Brazil,China,12/8/1992,15:00,16/4/1983,7:32,447-27,85
839,839,China,China,6/2/1974,8:28,16/5/1990,2:27,620-12,64
840,840,Indonesia,Cuba,23/12/1983,1:01,4/9/1995,10:27,678-26,51
841,841,United States,Poland,6/4/2002,12:50,20/6/1981,23:31,845-81,15
842,842,Vietnam,China,1/1/1984,1:29,14/3/1972,7:13,586-40,48
843,843,Sweden,Azerbaijan,28/3/1983,3:39,12/1/1997,5:40,766-73,37
844,844,Japan,China,6/6/1993,2:37,29/12/2004,17:59,716-83,91
845,845,Comoros,Vietnam,17/9/1992,5:19,1/7/1990,0:37,344-57,36
846,846,Kosovo,China,25/6/1980,11:17,3/2/1975,12:25,885-79,32
847,847,Russia,Indonesia,22/1/1991,1:22,14/1/2004,18:32,378-74,28
848,848,Russia,Finland,2/10/1990,22:26,23/9/1984,17:02,389-71,32
849,849,Poland,Macedonia,1/11/1976,21:41,8/4/2017,2:18,360-32,21
850,850,Indonesia,Palestinian Territory,14/3/2013,15:28,14/5/2003,17:51,311-44,67
851,851,Uganda,South Africa,18/11/2013,14:37,1/4/2005,17:40,810-56,21
852,852,Czech Republic,Dominican Republic,19/12/1970,21:08,9/9/2004,0:08,945-69,54
853,853,Ireland,China,30/7/1971,15:32,24/7/1999,2:58,666-85,35
854,854,United States,Ukraine,21/10/1996,3:39,21/1/1998,4:20,837-12,41
855,855,Indonesia,Libya,7/1/1995,21:57,31/12/1972,10:20,705-84,15
856,856,Czech Republic,Russia,10/3/1992,19:49,26/10/1998,12:30,193-19,80
857,857,United States,Nigeria,30/5/2005,14:01,20/11/2016,16:46,130-96,29
858,858,Indonesia,Russia,20/12/2003,20:18,16/3/2013,13:58,801-19,73
859,859,Nigeria,Japan,17/1/1994,7:41,16/7/1999,2:36,087-76,12
860,860,Afghanistan,China,21/12/1976,23:37,15/11/1991,21:16,131-07,99
861,861,Cambodia,Bosnia and Herzegovina,23/1/2010,15:48,15/10/1972,21:49,374-35,07
862,862,Ethiopia,France,10/2/2012,10:30,29/4/2004,17:04,344-30,29
863,863,Philippines,Peru,18/10/1977,7:47,17/5/2016,16:26,545-14,06
864,864,China,China,3/12/1991,21:58,13/6/1980,20:37,746-54,17
865,865,Finland,Canada,22/11/1970,9:34,27/8/2006,1:55,960-40,24
866,866,China,Colombia,24/9/1985,16:20,11/8/1987,13:07,885-52,00
867,867,Thailand,Italy,12/3/1986,23:29,29/6/2007,22:50,423-43,24
868,868,Guinea,Czech Republic,23/10/1987,22:37,2/1/1990,11:03,426-77,08
869,869,Russia,Japan,28/4/1972,17:15,24/9/1991,7:08,907-64,30
870,870,Uruguay,Morocco,17/12/2010,6:07,4/2/1975,17:15,095-03,10
871,871,China,China,1/10/1981,13:52,7/4/1975,2:21,913-28,68
872,872,China,Philippines,27/8/2013,8:49,15/1/2018,10:39,827-71,71
873,873,Russia,Pakistan,16/12/2000,11:55,24/2/1971,20:02,617-45,66
874,874,Bulgaria,Peru,25/11/2013,0:29,29/8/2004,20:26,105-00,24
875,875,France,China,31/3/2001,7:35,12/10/1973,19:24,703-96,75
876,876,Peru,Indonesia,5/2/2011,11:38,16/9/1985,6:18,821-88,83
877,877,Philippines,Portugal,24/10/1996,7:45,25/12/1984,19:51,017-40,38
878,878,Russia,Indonesia,15/10/2001,19:18,15/10/2019,12:09,551-06,59
879,879,Afghanistan,Cameroon,14/6/1985,17:55,7/3/1989,23:55,148-64,90
880,880,Belarus,Russia,25/9/2016,12:35,16/11/1978,15:50,910-00,01
881,881,Sudan,France,5/2/2020,4:12,13/3/2019,20:15,612-26,48
882,882,China,China,24/11/1991,5:45,12/9/1985,17:16,363-33,46
883,883,Honduras,France,19/3/2000,12:00,11/3/1973,20:10,530-41,54
884,884,Slovenia,Poland,6/2/1993,15:08,10/12/1973,12:07,645-20,18
885,885,Germany,Japan,10/8/2020,13:15,21/6/2004,8:25,001-64,26
886,886,Brazil,China,5/8/2004,21:49,10/5/1997,18:02,589-59,57
887,887,Portugal,Ivory Coast,29/2/2004,15:12,15/3/1983,23:25,156-79,75
888,888,Japan,Spain,2/10/2002,0:03,19/7/2001,22:45,255-39,51
889,889,Peru,Malaysia,17/2/2000,6:43,4/9/1986,11:44,042-16,62
890,890,Angola,Ethiopia,1/1/1985,5:21,27/10/2009,5:27,759-40,55
891,891,China,Philippines,25/11/2005,11:03,9/9/1983,3:10,616-01,93
892,892,China,Indonesia,19/2/1998,8:33,16/2/2010,15:39,534-29,36
893,893,Philippines,Japan,11/6/2018,17:57,31/1/1972,13:57,579-27,31
894,894,Argentina,Poland,21/10/1975,23:48,25/7/2002,19:07,946-91,09
895,895,Argentina,Colombia,26/2/2008,22:36,27/6/1974,11:13,729-56,04
896,896,China,Indonesia,19/9/2005,22:33,16/11/1999,17:30,632-53,14
897,897,Sweden,Colombia,1/12/2020,16:05,10/1/2000,0:08,724-66,74
898,898,China,Sweden,11/2/2004,13:40,23/1/1971,2:39,740-33,63
899,899,Colombia,Georgia,15/5/2012,8:53,20/1/2002,4:31,133-81,08
900,900,Turkey,Pakistan,2/5/1972,5:11,28/5/1985,10:10,342-95,93
901,901,Azerbaijan,South Korea,3/2/2017,20:26,25/10/1989,3:22,638-24,43
902,902,Indonesia,Indonesia,17/11/1979,23:30,3/12/2001,1:12,462-33,40
903,903,Indonesia,China,13/9/1983,20:10,12/1/2005,18:13,131-73,13
904,904,Greece,China,4/6/1984,22:21,1/4/1991,12:46,202-08,35
905,905,France,Argentina,14/6/2002,9:36,18/1/1991,6:42,505-25,26
906,906,China,Philippines,21/2/1990,5:16,4/11/1988,21:50,190-89,70
907,907,Nigeria,Philippines,6/4/1995,16:27,22/12/1980,0:17,615-15,11
908,908,Canada,Estonia,12/7/2013,7:22,4/1/1973,22:09,573-11,92
909,909,Spain,Japan,1/1/1992,8:02,26/12/2003,19:42,887-47,93
910,910,Indonesia,France,29/8/1992,19:38,4/2/1972,19:08,118-10,67
911,911,France,France,12/11/2010,12:14,15/1/2017,18:38,107-04,97
912,912,Indonesia,Uzbekistan,29/4/1987,18:49,1/5/2016,12:49,329-24,37
913,913,China,Brazil,11/8/2001,19:13,28/3/2005,13:28,595-48,93
914,914,Ukraine,Georgia,14/5/1975,3:45,27/8/1982,17:50,137-65,61
915,915,Philippines,Sweden,19/1/1982,6:24,24/2/2003,17:27,340-68,54
916,916,Sweden,China,18/3/1981,3:44,15/8/1972,21:08,074-19,53
917,917,Belarus,China,27/12/2012,21:08,30/12/2014,13:14,818-98,86
918,918,Ukraine,China,3/1/2017,4:21,20/3/2004,9:10,257-73,32
919,919,United States,Indonesia,17/12/1975,1:36,1/4/1977,17:53,443-13,26
920,920,United States,Zimbabwe,26/11/1975,5:40,29/5/1987,20:29,712-84,80
921,921,China,Nigeria,28/10/2011,13:27,7/6/2017,12:44,265-45,25
922,922,China,Poland,7/8/2018,1:14,9/10/2006,9:47,822-45,03
923,923,Maldives,Russia,30/6/2006,4:52,10/4/1989,16:35,694-06,64
924,924,Indonesia,Peru,14/7/2006,14:16,28/8/1990,16:34,193-75,21
925,925,Vietnam,Brazil,6/2/2013,10:43,2/11/2003,3:44,940-84,39
926,926,China,Indonesia,12/4/2004,3:47,13/6/1994,17:27,166-73,00
927,927,French Polynesia,China,2/5/1974,10:56,1/7/1974,8:16,957-01,45
928,928,China,China,4/7/1973,5:13,2/2/1975,7:54,327-49,29
929,929,Philippines,Ukraine,22/1/2010,9:36,20/6/2007,0:01,348-97,43
930,930,Paraguay,United States,16/11/1970,20:33,5/8/2003,4:40,572-47,78
931,931,Indonesia,Japan,4/2/1990,6:47,22/12/1980,1:07,196-44,76
932,932,Brazil,China,28/8/2015,14:10,3/10/2003,7:27,821-47,75
933,933,South Africa,United Arab Emirates,30/3/1994,17:03,14/10/2006,12:05,528-86,35
934,934,Czech Republic,Colombia,6/2/2014,22:14,28/5/1979,10:11,367-44,94
935,935,Brazil,Palestinian Territory,28/1/2002,9:33,28/10/2009,8:50,950-69,91
936,936,Poland,Philippines,5/7/1983,14:28,1/11/1971,12:23,505-98,29
937,937,Finland,Indonesia,29/8/1991,15:30,26/8/2017,17:30,109-14,86
938,938,Syria,Russia,9/2/2015,9:53,19/4/1981,2:10,665-15,56
939,939,Bolivia,Canada,17/3/1981,17:39,6/6/2003,5:11,664-30,14
940,940,Slovenia,United States,30/7/1971,21:04,7/8/2005,9:09,894-58,23
941,941,Philippines,China,22/10/1986,2:01,8/11/2016,3:14,793-87,25
942,942,Nigeria,Venezuela,13/8/1985,17:30,12/5/1986,8:13,547-12,85
943,943,Madagascar,Philippines,7/2/2003,14:52,13/5/2006,5:16,293-59,79
944,944,Greece,United States,19/7/1979,9:53,26/10/2020,5:35,675-84,93
945,945,China,China,10/2/2012,11:45,18/12/1970,10:59,618-16,33
946,946,Philippines,Poland,21/4/1990,0:26,31/5/2001,5:30,824-43,20
947,947,Guatemala,Sweden,17/12/2007,21:14,23/10/1991,3:27,464-46,46
948,948,Israel,China,5/2/1994,17:54,8/12/2006,22:14,688-51,32
949,949,Bosnia and Herzegovina,Poland,14/6/1997,7:23,23/4/2007,2:18,333-67,06
950,950,Brazil,Syria,9/5/2019,21:06,26/8/2020,0:20,695-96,22
951,951,Philippines,United States,30/10/2015,3:51,29/1/2015,6:13,460-12,77
952,952,Norway,China,6/10/2008,1:31,14/7/1983,23:24,005-28,00
953,953,Russia,China,14/5/1994,14:41,8/7/1978,4:39,947-56,74
954,954,Thailand,Brazil,3/11/2006,22:08,12/9/1972,16:44,875-57,83
955,955,China,Peru,28/7/2016,13:37,10/4/1980,22:48,282-81,23
956,956,Colombia,Indonesia,30/9/1991,19:45,30/9/1980,16:32,304-26,15
957,957,China,China,12/10/1974,14:25,30/8/1991,7:55,584-57,07
958,958,Indonesia,Sweden,7/4/1999,22:37,2/6/2012,8:28,640-83,80
959,959,Peru,Russia,18/9/1989,18:37,5/11/1984,3:38,531-30,20
960,960,Mexico,China,1/4/2020,0:49,10/6/2010,6:53,162-99,21
961,961,Poland,China,24/1/2015,12:18,13/8/1971,22:08,633-94,31
962,962,Japan,Pakistan,2/10/2015,15:47,14/8/1987,9:31,071-68,26
963,963,Poland,Democratic Republic of the Congo,25/3/1976,12:56,20/3/1996,4:27,157-38,21
964,964,China,Russia,27/12/1981,20:04,1/9/1980,17:11,639-99,64
965,965,Moldova,Indonesia,13/12/1971,2:47,10/5/2008,1:32,460-94,15
966,966,Sweden,Czech Republic,26/1/2001,6:55,21/8/1973,5:21,946-81,79
967,967,Central African Republic,Russia,1/3/2020,6:01,1/2/2011,12:02,912-44,29
968,968,Japan,Malaysia,5/11/1995,19:37,6/4/1985,8:44,773-39,16
969,969,China,Russia,13/12/2013,17:18,11/10/2004,6:27,347-00,14
970,970,Nigeria,Philippines,7/4/1980,5:21,17/1/1975,21:30,094-05,95
971,971,Thailand,United States,25/10/1986,21:27,24/5/1991,15:54,213-01,93
972,972,Sweden,Indonesia,16/2/1991,2:07,27/11/1991,4:19,985-03,32
973,973,Finland,Dominican Republic,20/11/2009,22:45,22/4/1991,8:47,901-03,51
974,974,Palestinian Territory,Philippines,19/9/1978,4:07,22/3/1984,2:30,056-95,06
975,975,France,China,8/5/1982,5:01,8/9/2004,6:04,366-10,88
976,976,Indonesia,Ireland,23/2/1991,23:18,26/7/2007,7:57,988-26,15
977,977,Philippines,Kazakhstan,29/6/2007,20:21,17/10/1970,6:28,606-65,66
978,978,Peru,Sweden,3/10/2005,17:57,2/7/2018,9:15,788-82,93
979,979,United States,Finland,11/4/1982,15:36,28/12/1998,7:55,509-67,65
980,980,China,Czech Republic,1/1/2002,7:54,10/3/2004,15:58,901-20,82
981,981,Bolivia,China,9/10/2001,22:03,28/5/2008,10:17,207-56,97
982,982,Palestinian Territory,France,21/1/2013,0:21,6/8/2021,18:15,916-19,41
983,983,Philippines,Chad,16/1/1997,5:43,18/9/2019,3:09,104-97,87
984,984,Brazil,Armenia,5/10/1981,16:48,29/1/2004,7:28,095-53,57
985,985,Serbia,China,16/12/1994,1:22,8/7/2012,8:39,980-94,48
986,986,Nigeria,Greece,29/3/1987,6:21,19/4/1979,19:14,778-02,00
987,987,Indonesia,United States,24/4/1984,17:44,14/5/2013,12:17,602-29,88
988,988,Madagascar,Guatemala,19/4/1980,23:52,15/6/2018,2:22,845-11,07
989,989,Myanmar,Nigeria,10/9/2005,8:34,16/5/1998,17:35,635-40,76
990,990,Tajikistan,Brazil,9/2/1976,9:32,4/4/1983,16:59,473-51,95
991,991,Portugal,Indonesia,4/5/1987,5:22,10/5/2016,5:04,281-90,38
992,992,Croatia,Spain,30/12/2012,9:13,24/6/2013,3:14,568-79,45
993,993,Indonesia,Brazil,4/9/2019,8:02,11/9/2011,3:54,487-16,81
994,994,Poland,Portugal,9/1/1976,5:12,9/9/2014,21:28,447-68,83
995,995,Pakistan,Russia,25/4/1990,5:28,27/11/1994,2:18,274-02,10
996,996,Italy,Poland,11/2/1979,16:15,4/2/2013,17:48,436-21,71
997,997,China,Portugal,18/5/2009,15:25,3/8/1981,21:38,731-95,47
998,998,China,China,9/9/2008,23:32,29/6/1979,15:01,825-46,52
999,999,Ukraine,Brazil,9/6/2008,17:20,13/6/1979,21:17,150-90,83
1000,1000,Philippines,Ukraine,15/11/1991,7:09,14/6/2011,22:17,515-80,45
