id,cliente_noPasaporte,vuelos_numVuelo
1,09-489-3413,1
2,39-031-7739,2
3,35-648-4309,3
4,03-744-5504,4
5,93-851-3608,5
6,69-867-6561,6
7,75-760-0782,7
8,30-102-4565,8
9,96-327-4747,9
10,18-824-0580,10
11,45-565-6630,11
12,77-687-7204,12
13,05-913-7755,13
14,41-133-8809,14
15,80-038-9358,15
16,81-778-6017,16
17,23-512-0882,17
18,90-031-9152,18
19,70-559-9866,19
20,12-733-9304,20
21,55-266-1220,21
22,70-274-3271,22
23,02-757-1142,23
24,77-074-5435,24
25,55-138-2559,25
26,94-225-6458,26
27,69-109-5368,27
28,07-744-1422,28
29,36-895-4428,29
30,83-196-1023,30
31,67-997-4470,31
32,50-304-0385,32
33,37-152-6293,33
34,66-875-6770,34
35,15-307-7647,35
36,27-035-9943,36
37,27-099-7826,37
38,43-840-6648,38
39,42-912-4432,39
40,61-530-4836,40
41,51-182-2277,41
42,56-932-6296,42
43,85-642-4859,43
44,64-626-1585,44
45,87-685-4110,45
46,84-447-8204,46
47,67-832-7090,47
48,67-418-3149,48
49,85-016-2551,49
50,84-874-6942,50
51,51-593-2447,51
52,80-260-4015,52
53,71-707-0324,53
54,12-126-8953,54
55,89-045-3969,55
56,68-998-1083,56
57,84-935-1167,57
58,08-178-7490,58
59,22-372-2276,59
60,61-443-4417,60
61,87-008-0556,61
62,16-418-7197,62
63,97-600-4297,63
64,23-887-7769,64
65,41-486-2089,65
66,22-378-8622,66
67,87-908-6904,67
68,24-290-6304,68
69,32-564-1363,69
70,41-602-3352,70
71,20-401-1607,71
72,86-137-9832,72
73,67-422-6911,73
74,75-795-7204,74
75,65-121-6105,75
76,08-592-4876,76
77,29-206-8677,77
78,05-766-4439,78
79,30-450-0001,79
80,54-807-2545,80
81,57-520-0935,81
82,62-609-5896,82
83,10-221-3088,83
84,25-086-9363,84
85,02-853-0568,85
86,39-401-9520,86
87,21-428-6217,87
88,74-595-0621,88
89,36-256-6080,89
90,25-420-4580,90
91,58-473-0518,91
92,95-756-1019,92
93,39-700-6683,93
94,00-336-9969,94
95,31-876-5193,95
96,22-332-5145,96
97,76-895-3769,97
98,82-751-6075,98
99,00-616-0552,99
100,90-718-6514,100
101,06-150-3550,101
102,45-561-7318,102
103,10-264-0755,103
104,09-561-9819,104
105,34-541-2650,105
106,24-651-3094,106
107,46-926-7309,107
108,77-996-5289,108
109,75-833-4472,109
110,84-807-8260,110
111,39-123-3183,111
112,71-363-1177,112
113,44-714-8216,113
114,58-915-0923,114
115,13-985-0046,115
116,25-185-1418,116
117,33-598-9185,117
118,31-968-6226,118
119,67-764-8432,119
120,22-935-4681,120
121,76-032-5068,121
122,95-400-2676,122
123,14-512-7276,123
124,46-942-9658,124
125,68-514-4090,125
126,72-762-4825,126
127,02-522-5142,127
128,61-879-4125,128
129,81-723-3787,129
130,77-676-1809,130
131,00-765-2279,131
132,15-722-8127,132
133,62-491-4108,133
134,39-868-1458,134
135,94-182-7131,135
136,05-850-4226,136
137,99-190-9933,137
138,71-950-6255,138
139,74-039-0134,139
140,33-325-5951,140
141,01-605-9730,141
142,89-085-3776,142
143,16-146-0539,143
144,57-206-0359,144
145,89-954-1184,145
146,12-494-0557,146
147,68-645-6921,147
148,58-748-2273,148
149,26-592-3250,149
150,14-134-3637,150
151,01-525-1250,151
152,28-927-3380,152
153,47-047-4777,153
154,59-588-8667,154
155,63-556-0276,155
156,54-255-2621,156
157,77-933-6985,157
158,20-183-4629,158
159,95-010-9337,159
160,76-611-9514,160
161,15-978-1978,161
162,79-759-6280,162
163,69-628-2336,163
164,62-770-9422,164
165,01-285-5143,165
166,12-591-7545,166
167,46-444-2436,167
168,97-802-7128,168
169,90-253-1296,169
170,92-227-7147,170
171,84-275-5344,171
172,78-940-2411,172
173,44-349-8108,173
174,76-196-0798,174
175,51-696-1818,175
176,19-936-8810,176
177,84-112-7655,177
178,37-643-6088,178
179,97-716-1927,179
180,30-624-1502,180
181,42-248-0594,181
182,48-623-9377,182
183,05-636-5590,183
184,85-774-7719,184
185,51-473-9603,185
186,02-316-3254,186
187,99-968-1507,187
188,43-470-4821,188
189,93-114-8683,189
190,33-824-6078,190
191,78-802-7131,191
192,77-661-5023,192
193,24-225-9633,193
194,81-514-5203,194
195,19-761-8453,195
196,10-652-9545,196
197,63-530-7874,197
198,31-463-5266,198
199,06-600-4382,199
200,84-416-2204,200
201,72-032-9070,201
202,61-665-3236,202
203,57-179-8757,203
204,41-011-1506,204
205,49-654-3996,205
206,60-420-8487,206
207,88-718-7720,207
208,96-914-3754,208
209,11-015-5471,209
210,01-968-9967,210
211,71-162-6938,211
212,12-341-1000,212
213,88-762-8573,213
214,50-593-4914,214
215,23-314-1131,215
216,19-162-5101,216
217,26-369-2467,217
218,75-561-7715,218
219,74-970-6270,219
220,91-244-6625,220
221,83-154-7655,221
222,34-091-0172,222
223,20-191-3912,223
224,30-858-5013,224
225,87-704-7464,225
226,53-466-0921,226
227,35-970-3154,227
228,88-808-8363,228
229,00-467-1879,229
230,13-086-5969,230
231,83-361-4993,231
232,88-371-7173,232
233,38-701-7195,233
234,08-826-0897,234
235,88-900-7478,235
236,99-433-8495,236
237,74-853-4921,237
238,45-420-5235,238
239,66-684-7961,239
240,36-197-0786,240
241,07-139-3533,241
242,92-528-8180,242
243,48-061-6914,243
244,16-115-4276,244
245,79-894-1841,245
246,93-247-9257,246
247,66-267-9444,247
248,20-927-3213,248
249,86-074-5292,249
250,97-479-9229,250
251,93-233-9253,251
252,12-875-3704,252
253,85-087-1376,253
254,91-366-3120,254
255,62-831-9243,255
256,44-736-0803,256
257,05-417-8461,257
258,02-180-0387,258
259,59-133-9128,259
260,32-401-3330,260
261,98-826-0761,261
262,15-882-0689,262
263,03-004-4488,263
264,70-272-8628,264
265,07-417-7450,265
266,18-689-1349,266
267,65-615-3178,267
268,34-082-3322,268
269,19-265-8475,269
270,36-700-3609,270
271,80-226-5622,271
272,61-055-3404,272
273,16-148-8007,273
274,73-127-8565,274
275,80-354-3359,275
276,52-378-0349,276
277,05-536-3991,277
278,65-231-8826,278
279,05-794-1839,279
280,39-072-9004,280
281,88-803-7612,281
282,90-739-0156,282
283,13-615-5141,283
284,52-243-8974,284
285,08-329-8189,285
286,00-015-1739,286
287,93-287-5782,287
288,35-627-9099,288
289,79-719-6508,289
290,37-357-9298,290
291,32-472-4583,291
292,63-193-7298,292
293,16-852-7166,293
294,35-068-0359,294
295,76-756-4971,295
296,58-181-6442,296
297,34-765-8565,297
298,69-084-3071,298
299,86-930-9012,299
300,32-131-6026,300
301,57-106-8047,301
302,21-779-9159,302
303,67-723-9732,303
304,27-052-8383,304
305,08-023-9686,305
306,45-326-0816,306
307,80-739-7015,307
308,23-828-7688,308
309,20-285-4047,309
310,86-213-4750,310
311,21-526-4875,311
312,13-091-9100,312
313,53-563-6011,313
314,23-679-7608,314
315,65-275-7198,315
316,39-022-3534,316
317,00-035-7393,317
318,23-617-1941,318
319,71-751-9406,319
320,48-258-9982,320
321,58-894-3987,321
322,38-000-4117,322
323,19-687-3724,323
324,88-782-1215,324
325,32-198-8813,325
326,08-298-3819,326
327,65-579-3214,327
328,58-381-4900,328
329,66-467-5372,329
330,71-720-3180,330
331,29-923-8551,331
332,36-870-8536,332
333,24-933-0989,333
334,85-815-8818,334
335,34-064-2239,335
336,95-879-2811,336
337,08-065-4745,337
338,84-842-6696,338
339,89-967-0462,339
340,26-312-9698,340
341,60-079-7240,341
342,05-049-6978,342
343,74-374-7883,343
344,06-308-3250,344
345,92-523-8101,345
346,43-801-3963,346
347,04-961-2756,347
348,33-227-2505,348
349,51-831-1136,349
350,18-020-3510,350
351,73-220-1691,351
352,35-866-7691,352
353,27-309-9185,353
354,13-650-3496,354
355,96-264-2947,355
356,43-956-4720,356
357,73-731-8710,357
358,85-994-6089,358
359,44-246-9887,359
360,22-576-7744,360
361,26-479-1938,361
362,08-132-2926,362
363,98-381-8569,363
364,14-494-2122,364
365,98-028-4836,365
366,20-700-5306,366
367,81-750-3473,367
368,97-013-8454,368
369,86-510-2270,369
370,41-178-2865,370
371,97-314-9256,371
372,36-339-9436,372
373,33-406-4792,373
374,37-499-1558,374
375,10-567-4735,375
376,56-555-2809,376
377,06-474-2876,377
378,44-503-5971,378
379,72-544-9318,379
380,83-148-5699,380
381,12-784-9134,381
382,65-837-3049,382
383,90-117-2705,383
384,23-997-0808,384
385,76-129-3022,385
386,84-210-4035,386
387,21-602-8198,387
388,67-504-2179,388
389,68-680-9864,389
390,37-319-4644,390
391,59-992-1027,391
392,38-520-1654,392
393,98-102-5702,393
394,11-256-7956,394
395,78-055-3406,395
396,27-042-6582,396
397,70-199-5828,397
398,84-544-9635,398
399,66-896-5545,399
400,25-247-7835,400
401,62-349-3479,401
402,20-030-7239,402
403,19-607-4264,403
404,18-694-1184,404
405,97-071-0079,405
406,72-077-7720,406
407,37-527-8762,407
408,91-963-2139,408
409,74-013-5513,409
410,33-842-8328,410
411,49-775-1862,411
412,91-625-9032,412
413,49-199-9241,413
414,46-258-3510,414
415,12-787-2492,415
416,32-458-6493,416
417,01-508-4379,417
418,26-191-7928,418
419,48-279-9764,419
420,97-111-2979,420
421,27-239-9570,421
422,42-268-2871,422
423,70-606-7795,423
424,64-396-2200,424
425,52-548-7952,425
426,20-780-8641,426
427,33-480-8480,427
428,37-135-9531,428
429,33-687-8807,429
430,59-832-0244,430
431,61-141-0989,431
432,42-842-3664,432
433,25-268-1470,433
434,79-316-5206,434
435,44-752-8266,435
436,73-217-3695,436
437,08-645-9549,437
438,36-207-1929,438
439,18-491-8062,439
440,31-368-4965,440
441,97-924-5902,441
442,94-204-2556,442
443,46-547-5522,443
444,63-335-7871,444
445,58-608-5874,445
446,65-615-0761,446
447,37-967-4421,447
448,81-825-5944,448
449,27-242-6262,449
450,19-457-8221,450
451,37-477-8112,451
452,09-072-7642,452
453,97-703-5575,453
454,14-228-8864,454
455,44-754-5325,455
456,06-238-6225,456
457,20-212-4702,457
458,70-109-3198,458
459,75-285-2916,459
460,53-856-6640,460
461,17-404-4780,461
462,27-644-8684,462
463,81-094-0804,463
464,61-082-3508,464
465,67-014-5750,465
466,44-442-6901,466
467,45-215-3747,467
468,97-439-9026,468
469,07-183-2140,469
470,41-966-9954,470
471,12-138-9521,471
472,15-729-1371,472
473,45-323-8385,473
474,72-133-8568,474
475,36-590-6953,475
476,86-657-3246,476
477,87-264-9940,477
478,02-547-7660,478
479,32-481-5024,479
480,95-392-1693,480
481,22-997-0293,481
482,25-264-1067,482
483,77-623-0164,483
484,09-771-8839,484
485,04-627-9764,485
486,90-710-5337,486
487,94-999-9895,487
488,43-481-5332,488
489,08-791-6322,489
490,77-714-6919,490
491,78-503-3031,491
492,86-877-6372,492
493,57-246-9766,493
494,41-316-1101,494
495,78-215-4051,495
496,98-316-2866,496
497,66-787-1987,497
498,90-406-9928,498
499,17-885-1159,499
500,10-340-0916,500
501,72-443-5109,501
502,14-412-8563,502
503,04-282-7109,503
504,43-298-4154,504
505,04-023-6833,505
506,29-701-1995,506
507,07-335-4168,507
508,64-437-6129,508
509,18-843-8050,509
510,75-894-1449,510
511,04-579-2766,511
512,04-550-7128,512
513,56-079-4175,513
514,37-502-9071,514
515,71-202-3625,515
516,08-918-4348,516
517,90-266-8524,517
518,46-178-0007,518
519,04-929-8349,519
520,45-985-7515,520
521,54-403-9193,521
522,43-112-3402,522
523,96-383-2381,523
524,01-582-3188,524
525,08-657-2756,525
526,02-015-2461,526
527,91-733-8918,527
528,62-274-8539,528
529,76-986-6746,529
530,30-024-5815,530
531,27-147-5122,531
532,19-557-4422,532
533,85-019-2846,533
534,05-313-1563,534
535,83-536-7003,535
536,80-729-7637,536
537,58-986-2722,537
538,33-966-7034,538
539,00-088-2730,539
540,38-191-5136,540
541,10-522-7464,541
542,05-778-4336,542
543,51-175-1330,543
544,01-273-3228,544
545,32-443-5067,545
546,99-902-7313,546
547,01-660-7320,547
548,90-901-7128,548
549,67-815-3743,549
550,03-258-3436,550
551,99-275-2801,551
552,31-673-9403,552
553,97-813-8642,553
554,38-650-6721,554
555,01-977-4534,555
556,52-781-3034,556
557,36-334-0704,557
558,43-097-5384,558
559,48-715-8034,559
560,02-247-7659,560
561,77-284-7459,561
562,81-251-1156,562
563,55-823-7318,563
564,96-716-7528,564
565,92-984-5213,565
566,67-367-5803,566
567,26-032-9574,567
568,68-247-3642,568
569,76-703-3146,569
570,28-789-3660,570
571,91-969-4114,571
572,90-967-0368,572
573,92-812-2077,573
574,18-479-0081,574
575,38-546-9841,575
576,11-961-8563,576
577,23-908-9406,577
578,18-348-6934,578
579,54-854-8256,579
580,47-149-2747,580
581,78-599-9908,581
582,42-307-3935,582
583,52-291-2410,583
584,55-330-0720,584
585,49-451-7932,585
586,27-124-4907,586
587,09-724-0594,587
588,83-289-5350,588
589,44-548-3255,589
590,08-529-4199,590
591,35-080-1097,591
592,15-184-6643,592
593,10-244-9507,593
594,18-072-8572,594
595,55-085-1507,595
596,65-112-1932,596
597,47-945-8023,597
598,16-964-9888,598
599,18-098-8194,599
600,37-356-9645,600
601,41-085-9201,601
602,55-714-4145,602
603,23-671-7801,603
604,84-172-6896,604
605,25-183-3611,605
606,69-146-9649,606
607,53-357-7760,607
608,51-613-6485,608
609,01-465-6290,609
610,92-502-1389,610
611,78-678-8879,611
612,38-739-0405,612
613,45-394-3733,613
614,22-399-3560,614
615,38-082-5482,615
616,61-697-2193,616
617,51-988-0640,617
618,70-178-5422,618
619,68-034-8273,619
620,81-018-7421,620
621,01-010-2606,621
622,15-471-2929,622
623,26-962-9678,623
624,09-283-8540,624
625,16-264-3318,625
626,36-446-0514,626
627,89-016-6875,627
628,70-917-1362,628
629,10-076-0639,629
630,86-991-9473,630
631,18-455-8095,631
632,03-816-8322,632
633,91-522-5374,633
634,06-954-8225,634
635,74-312-6883,635
636,02-796-1797,636
637,60-858-0418,637
638,92-386-7387,638
639,92-641-3150,639
640,27-600-5306,640
641,99-451-8488,641
642,65-386-5035,642
643,88-402-5259,643
644,06-288-3683,644
645,84-135-2100,645
646,14-105-1270,646
647,13-561-6862,647
648,95-029-4098,648
649,32-456-7779,649
650,99-086-6117,650
651,18-119-6090,651
652,90-522-6629,652
653,94-905-3019,653
654,69-871-5791,654
655,18-718-8181,655
656,79-613-1556,656
657,91-233-2354,657
658,14-364-5629,658
659,19-257-8110,659
660,04-259-8367,660
661,95-086-8250,661
662,35-762-6419,662
663,67-051-9599,663
664,80-759-9137,664
665,15-549-1730,665
666,76-591-8988,666
667,94-631-5028,667
668,61-269-7859,668
669,49-029-4368,669
670,66-536-8764,670
671,83-470-4557,671
672,93-309-2313,672
673,06-077-3729,673
674,87-640-1742,674
675,47-673-2946,675
676,90-372-8926,676
677,15-560-9893,677
678,76-714-5384,678
679,24-694-8979,679
680,61-179-3821,680
681,97-333-4685,681
682,06-961-8899,682
683,23-603-4821,683
684,08-584-2782,684
685,80-852-8572,685
686,44-642-1413,686
687,54-673-2874,687
688,43-338-0836,688
689,91-342-5952,689
690,62-390-4378,690
691,35-706-0370,691
692,18-212-5925,692
693,35-086-0487,693
694,50-189-8088,694
695,73-107-2005,695
696,41-113-0752,696
697,95-991-8145,697
698,12-589-0130,698
699,25-591-9447,699
700,46-710-4735,700
701,87-576-6384,701
702,34-332-1317,702
703,63-656-3372,703
704,76-655-3937,704
705,30-156-0857,705
706,80-037-5953,706
707,04-822-8600,707
708,67-892-6831,708
709,36-181-3522,709
710,35-683-7629,710
711,01-330-6466,711
712,97-409-2983,712
713,91-942-9788,713
714,79-512-7216,714
715,68-544-1644,715
716,94-188-6578,716
717,77-293-8751,717
718,72-920-0309,718
719,67-646-7864,719
720,90-734-3394,720
721,63-176-1038,721
722,87-189-0069,722
723,02-826-3800,723
724,93-320-7275,724
725,51-128-8565,725
726,42-072-6425,726
727,79-741-3517,727
728,33-825-0272,728
729,43-517-8411,729
730,60-773-2857,730
731,61-533-0899,731
732,37-133-3467,732
733,19-687-9161,733
734,04-500-2630,734
735,22-010-3231,735
736,41-701-9226,736
737,41-062-6119,737
738,27-415-7103,738
739,32-969-9817,739
740,34-012-4628,740
741,95-949-5054,741
742,22-526-9966,742
743,68-748-3335,743
744,60-678-1761,744
745,08-589-5565,745
746,17-013-2991,746
747,68-989-2584,747
748,23-264-0146,748
749,06-608-4178,749
750,16-388-9957,750
751,16-907-1465,751
752,54-461-2169,752
753,84-666-0304,753
754,96-361-7517,754
755,94-859-1895,755
756,26-053-7813,756
757,28-917-6619,757
758,41-605-1506,758
759,73-933-3917,759
760,18-127-9001,760
761,53-181-0751,761
762,44-176-6645,762
763,52-917-1696,763
764,02-191-1718,764
765,19-546-4853,765
766,23-747-0070,766
767,66-095-1049,767
768,07-729-4303,768
769,82-056-3903,769
770,99-735-8749,770
771,33-989-0322,771
772,34-574-2760,772
773,05-544-7543,773
774,09-668-0930,774
775,07-427-5478,775
776,54-619-5745,776
777,81-606-2929,777
778,38-076-6212,778
779,46-524-8360,779
780,40-471-2915,780
781,70-652-5883,781
782,80-599-4138,782
783,42-008-4220,783
784,15-485-5768,784
785,03-868-2129,785
786,68-777-9267,786
787,01-020-9004,787
788,72-515-6133,788
789,08-278-3280,789
790,05-016-2672,790
791,55-759-3448,791
792,53-588-6395,792
793,10-207-4658,793
794,65-426-8276,794
795,84-800-7167,795
796,32-527-4144,796
797,55-347-8311,797
798,02-556-4790,798
799,42-606-2617,799
800,24-369-2581,800
801,20-059-1082,801
802,02-582-6652,802
803,93-127-0081,803
804,82-273-8949,804
805,40-693-1348,805
806,33-682-3742,806
807,62-523-2705,807
808,18-125-7135,808
809,86-580-1324,809
810,81-591-6677,810
811,79-746-1664,811
812,57-910-9525,812
813,68-804-9538,813
814,03-113-9864,814
815,98-001-3447,815
816,90-544-5126,816
817,59-786-5147,817
818,99-637-6873,818
819,10-713-0664,819
820,00-349-8999,820
821,26-473-5871,821
822,84-410-8325,822
823,94-842-7305,823
824,74-685-6435,824
825,10-350-8311,825
826,29-645-1271,826
827,09-978-4665,827
828,53-058-9130,828
829,80-439-2585,829
830,40-246-7535,830
831,03-338-2954,831
832,90-933-6120,832
833,17-214-8220,833
834,98-138-6593,834
835,19-143-6024,835
836,05-874-3320,836
837,19-415-6900,837
838,69-120-0185,838
839,94-014-8168,839
840,15-503-4755,840
841,32-024-1631,841
842,74-500-0086,842
843,03-314-3505,843
844,95-247-4753,844
845,30-819-6280,845
846,84-953-4361,846
847,66-001-3082,847
848,89-985-2957,848
849,76-262-7436,849
850,28-300-1348,850
851,23-611-8437,851
852,97-497-6655,852
853,44-412-8072,853
854,19-608-2223,854
855,06-503-6094,855
856,52-691-8103,856
857,54-698-2570,857
858,87-654-3368,858
859,32-348-5026,859
860,45-625-6234,860
861,03-022-2613,861
862,53-708-4983,862
863,84-417-7847,863
864,59-476-1842,864
865,17-566-9634,865
866,09-413-0845,866
867,78-313-6298,867
868,51-587-0247,868
869,52-908-1184,869
870,21-184-6943,870
871,08-597-9173,871
872,14-423-7824,872
873,89-830-3877,873
874,30-721-5790,874
875,96-062-3528,875
876,13-359-4213,876
877,73-187-0689,877
878,48-872-2262,878
879,30-933-0159,879
880,60-224-9852,880
881,08-715-3442,881
882,98-269-0277,882
883,47-184-0161,883
884,26-304-2645,884
885,86-294-2209,885
886,38-474-2876,886
887,72-023-9153,887
888,48-071-3307,888
889,91-622-9713,889
890,58-913-1986,890
891,99-038-3745,891
892,32-881-3729,892
893,58-359-8850,893
894,36-125-5464,894
895,08-971-8513,895
896,24-614-3606,896
897,10-255-0696,897
898,47-466-8056,898
899,38-999-8670,899
900,92-479-0802,900
901,65-554-3523,901
902,04-912-6426,902
903,80-111-9442,903
904,09-124-9419,904
905,83-551-5651,905
906,21-893-5590,906
907,48-394-2211,907
908,27-767-6080,908
909,82-382-5249,909
910,75-862-7370,910
911,26-957-7803,911
912,00-575-4188,912
913,28-678-1952,913
914,01-803-0425,914
915,12-825-4321,915
916,48-000-4425,916
917,21-769-1357,917
918,28-251-5521,918
919,25-086-2013,919
920,88-888-2378,920
921,08-350-1500,921
922,50-880-3453,922
923,94-009-9831,923
924,51-064-4547,924
925,93-840-3588,925
926,58-924-8350,926
927,95-401-1124,927
928,60-624-6746,928
929,17-325-8315,929
930,84-721-8464,930
931,70-352-4827,931
932,30-513-1129,932
933,35-510-5049,933
934,59-551-5281,934
935,12-059-6625,935
936,21-760-2371,936
937,15-269-5905,937
938,99-455-7173,938
939,59-128-2210,939
940,45-136-1925,940
941,55-642-0842,941
942,91-540-8794,942
943,68-960-2848,943
944,60-721-0073,944
945,84-325-5529,945
946,22-781-1628,946
947,37-112-7813,947
948,40-914-6345,948
949,56-961-4641,949
950,89-648-0825,950
